-- MySQL dump 10.13  Distrib 8.0.21, for Win64 (x86_64)
--
-- Host: localhost    Database: qa
-- ------------------------------------------------------
-- Server version	8.0.21

/*!40101 SET @OLD_CHARACTER_SET_CLIENT=@@CHARACTER_SET_CLIENT */;
/*!40101 SET @OLD_CHARACTER_SET_RESULTS=@@CHARACTER_SET_RESULTS */;
/*!40101 SET @OLD_COLLATION_CONNECTION=@@COLLATION_CONNECTION */;
/*!50503 SET NAMES utf8mb4 */;
/*!40103 SET @OLD_TIME_ZONE=@@TIME_ZONE */;
/*!40103 SET TIME_ZONE='+00:00' */;
/*!40014 SET @OLD_UNIQUE_CHECKS=@@UNIQUE_CHECKS, UNIQUE_CHECKS=0 */;
/*!40014 SET @OLD_FOREIGN_KEY_CHECKS=@@FOREIGN_KEY_CHECKS, FOREIGN_KEY_CHECKS=0 */;
/*!40101 SET @OLD_SQL_MODE=@@SQL_MODE, SQL_MODE='NO_AUTO_VALUE_ON_ZERO' */;
/*!40111 SET @OLD_SQL_NOTES=@@SQL_NOTES, SQL_NOTES=0 */;

--
-- Table structure for table `abastecimiento`
--
CREATE USER 'root'@'localhost' IDENTIFIED BY 'Humb3rt0.*';
GRANT SELECT,INSERT,UPDATE,DELETE,CREATE,DROP ON *.* TO 'root'@'localhost';

CREATE DATABASE IF NOT EXISTS `qa` DEFAULT CHARACTER SET utf8 COLLATE utf8_general_ci;
USE `qa`;
DROP TABLE IF EXISTS `abastecimiento`;
/*!40101 SET @saved_cs_client     = @@character_set_client */;
/*!50503 SET character_set_client = utf8mb4 */;
CREATE TABLE `abastecimiento` (
  `id` int NOT NULL AUTO_INCREMENT,
  `fecha` date NOT NULL,
  `cantidad` int NOT NULL,
  `estado` int NOT NULL,
  `idProveedor` int NOT NULL,
  `precioUnitario` double NOT NULL,
  PRIMARY KEY (`id`)
) ENGINE=InnoDB AUTO_INCREMENT=9 DEFAULT CHARSET=utf8mb4 COLLATE=utf8mb4_0900_ai_ci;
/*!40101 SET character_set_client = @saved_cs_client */;

--
-- Dumping data for table `abastecimiento`
--

LOCK TABLES `abastecimiento` WRITE;
/*!40000 ALTER TABLE `abastecimiento` DISABLE KEYS */;
INSERT INTO `abastecimiento` VALUES (1,'2020-10-27',1,0,1,0);
INSERT INTO `abastecimiento` VALUES (2,'2020-10-27',1,0,2,0);
INSERT INTO `abastecimiento` VALUES (3,'2020-10-27',1,0,2,0);
INSERT INTO `abastecimiento` VALUES (4,'2020-10-27',1,0,1,0);
INSERT INTO `abastecimiento` VALUES (5,'2020-10-27',1,0,1,306);
INSERT INTO `abastecimiento` VALUES (6,'2020-10-27',1,1,1,306);
INSERT INTO `abastecimiento` VALUES (8,'2020-10-27',1,0,1,1500);
/*!40000 ALTER TABLE `abastecimiento` ENABLE KEYS */;
UNLOCK TABLES;

--
-- Table structure for table `abastecimientoproducto`
--

DROP TABLE IF EXISTS `abastecimientoproducto`;
/*!40101 SET @saved_cs_client     = @@character_set_client */;
/*!50503 SET character_set_client = utf8mb4 */;
CREATE TABLE `abastecimientoproducto` (
  `id` int NOT NULL AUTO_INCREMENT,
  `idProd` int NOT NULL,
  `cantidad` int NOT NULL,
  `precio` double NOT NULL,
  `idAbastecimiento` int NOT NULL,
  PRIMARY KEY (`id`),
  KEY `idProd` (`idProd`),
  CONSTRAINT `abastecimientoproducto_ibfk_1` FOREIGN KEY (`idProd`) REFERENCES `productos` (`id`)
) ENGINE=InnoDB AUTO_INCREMENT=5 DEFAULT CHARSET=utf8mb4 COLLATE=utf8mb4_0900_ai_ci;
/*!40101 SET character_set_client = @saved_cs_client */;

--
-- Dumping data for table `abastecimientoproducto`
--

LOCK TABLES `abastecimientoproducto` WRITE;
/*!40000 ALTER TABLE `abastecimientoproducto` DISABLE KEYS */;
INSERT INTO `abastecimientoproducto` VALUES (1,1,10,5.3,1);
INSERT INTO `abastecimientoproducto` VALUES (2,1,30,10.2,5);
INSERT INTO `abastecimientoproducto` VALUES (3,1,30,10.2,6);
INSERT INTO `abastecimientoproducto` VALUES (4,1,30,50,8);
/*!40000 ALTER TABLE `abastecimientoproducto` ENABLE KEYS */;
UNLOCK TABLES;

--
-- Table structure for table `admin`
--

DROP TABLE IF EXISTS `admin`;
/*!40101 SET @saved_cs_client     = @@character_set_client */;
/*!50503 SET character_set_client = utf8mb4 */;
CREATE TABLE `admin` (
  `id` int NOT NULL,
  `u` blob NOT NULL,
  `p` blob NOT NULL
) ENGINE=InnoDB DEFAULT CHARSET=utf8mb4 COLLATE=utf8mb4_0900_ai_ci;
/*!40101 SET character_set_client = @saved_cs_client */;

--
-- Dumping data for table `admin`
--

LOCK TABLES `admin` WRITE;
/*!40000 ALTER TABLE `admin` DISABLE KEYS */;
INSERT INTO `admin` VALUES (1,_binary 'usuario',_binary 'contra');
/*!40000 ALTER TABLE `admin` ENABLE KEYS */;
UNLOCK TABLES;

--
-- Table structure for table `articulos`
--

DROP TABLE IF EXISTS `articulos`;
/*!40101 SET @saved_cs_client     = @@character_set_client */;
/*!50503 SET character_set_client = utf8mb4 */;
CREATE TABLE `articulos` (
  `id` int NOT NULL AUTO_INCREMENT,
  `idPedido` int NOT NULL,
  `idProducto` int NOT NULL,
  `cantidad` int NOT NULL,
  `precio` double NOT NULL,
  PRIMARY KEY (`id`),
  KEY `idProducto` (`idProducto`),
  KEY `idPedido` (`idPedido`),
  CONSTRAINT `articulos_ibfk_1` FOREIGN KEY (`idProducto`) REFERENCES `productos` (`id`),
  CONSTRAINT `articulos_ibfk_2` FOREIGN KEY (`idPedido`) REFERENCES `pedidos` (`id`)
) ENGINE=InnoDB AUTO_INCREMENT=17 DEFAULT CHARSET=utf8mb4 COLLATE=utf8mb4_0900_ai_ci;
/*!40101 SET character_set_client = @saved_cs_client */;

--
-- Dumping data for table `articulos`
--

LOCK TABLES `articulos` WRITE;
/*!40000 ALTER TABLE `articulos` DISABLE KEYS */;
INSERT INTO `articulos` VALUES (1,1,1,5,20.3);
INSERT INTO `articulos` VALUES (2,2,9,3,2002.87);
INSERT INTO `articulos` VALUES (3,3,9,3,2002.87);
INSERT INTO `articulos` VALUES (4,5,1,1,200.2);
INSERT INTO `articulos` VALUES (5,5,2,1,200.2);
INSERT INTO `articulos` VALUES (6,6,2,1,200.2);
INSERT INTO `articulos` VALUES (7,7,2,3,200.2);
INSERT INTO `articulos` VALUES (8,7,9,3,2002.87);
INSERT INTO `articulos` VALUES (9,8,1,3,200.2);
INSERT INTO `articulos` VALUES (10,8,2,3,200.2);
INSERT INTO `articulos` VALUES (11,9,1,3,200.2);
INSERT INTO `articulos` VALUES (12,9,2,3,200.2);
INSERT INTO `articulos` VALUES (13,10,1,3,200.2);
INSERT INTO `articulos` VALUES (14,10,2,3,200.2);
INSERT INTO `articulos` VALUES (15,12,1,5,200.2);
INSERT INTO `articulos` VALUES (16,12,2,2,200.2);
/*!40000 ALTER TABLE `articulos` ENABLE KEYS */;
UNLOCK TABLES;

--
-- Table structure for table `categorias`
--

DROP TABLE IF EXISTS `categorias`;
/*!40101 SET @saved_cs_client     = @@character_set_client */;
/*!50503 SET character_set_client = utf8mb4 */;
CREATE TABLE `categorias` (
  `id` int NOT NULL AUTO_INCREMENT,
  `nombre` blob NOT NULL,
  `activo` int NOT NULL,
  PRIMARY KEY (`id`)
) ENGINE=InnoDB AUTO_INCREMENT=4 DEFAULT CHARSET=utf8mb4 COLLATE=utf8mb4_0900_ai_ci;
/*!40101 SET character_set_client = @saved_cs_client */;

--
-- Dumping data for table `categorias`
--

LOCK TABLES `categorias` WRITE;
/*!40000 ALTER TABLE `categorias` DISABLE KEYS */;
INSERT INTO `categorias` VALUES (1,_binary 'Categoria 1',1);
INSERT INTO `categorias` VALUES (2,_binary 'Catalogo 2',1);
INSERT INTO `categorias` VALUES (3,_binary 'Cate4',1);
/*!40000 ALTER TABLE `categorias` ENABLE KEYS */;
UNLOCK TABLES;

--
-- Table structure for table `clientes`
--

DROP TABLE IF EXISTS `clientes`;
/*!40101 SET @saved_cs_client     = @@character_set_client */;
/*!50503 SET character_set_client = utf8mb4 */;
CREATE TABLE `clientes` (
  `id` int NOT NULL AUTO_INCREMENT,
  `nombre` blob NOT NULL,
  `direccion` blob NOT NULL,
  `telefono` decimal(10,0) NOT NULL,
  `usuario` blob NOT NULL,
  `contraseña` blob NOT NULL,
  `email` blob NOT NULL,
  PRIMARY KEY (`id`)
) ENGINE=InnoDB AUTO_INCREMENT=3 DEFAULT CHARSET=utf8mb4 COLLATE=utf8mb4_0900_ai_ci;
/*!40101 SET character_set_client = @saved_cs_client */;

--
-- Dumping data for table `clientes`
--

LOCK TABLES `clientes` WRITE;
/*!40000 ALTER TABLE `clientes` DISABLE KEYS */;
INSERT INTO `clientes` VALUES (1,_binary 'Humberto Tanga Gonzalez Plutarco',_binary 'Del Reloj 110,64960 Col Satelite',8183573284,_binary 'tangabo',_binary 'd4add675-8fd3-4796-9442-98acf4bb0e2c',_binary 'ferre2go@gmail.com');
INSERT INTO `clientes` VALUES (2,_binary 'Fernanda',_binary 'Del Reloj 110, Cd Satélite, 64960 Monterrey, N.L., México',8112816100,_binary 'ferferfer',_binary 'password1',_binary 'hegcos@hotmail.com');
/*!40000 ALTER TABLE `clientes` ENABLE KEYS */;
UNLOCK TABLES;

--
-- Table structure for table `pedidos`
--

DROP TABLE IF EXISTS `pedidos`;
/*!40101 SET @saved_cs_client     = @@character_set_client */;
/*!50503 SET character_set_client = utf8mb4 */;
CREATE TABLE `pedidos` (
  `id` int NOT NULL AUTO_INCREMENT,
  `numArticulos` int NOT NULL,
  `nombreCliente` blob NOT NULL,
  `direccion` blob NOT NULL,
  `telefono` decimal(10,0) NOT NULL,
  `estado` int NOT NULL,
  `idCliente` int NOT NULL,
  `articulosId` int DEFAULT NULL,
  `creacion` date NOT NULL,
  `actualizado` date NOT NULL,
  `total` double NOT NULL,
  PRIMARY KEY (`id`)
) ENGINE=InnoDB AUTO_INCREMENT=13 DEFAULT CHARSET=utf8mb4 COLLATE=utf8mb4_0900_ai_ci;
/*!40101 SET character_set_client = @saved_cs_client */;

--
-- Dumping data for table `pedidos`
--

LOCK TABLES `pedidos` WRITE;
/*!40000 ALTER TABLE `pedidos` DISABLE KEYS */;
INSERT INTO `pedidos` VALUES (1,1,_binary 'Humberto',_binary 'aqui',8,3,0,1,'2020-10-27','2020-10-27',101.5);
INSERT INTO `pedidos` VALUES (2,3,_binary 'Humberto',_binary 'Del Reloj 110, Cd Satélite, 64960 Monterrey, N.L., Mexico',8112816100,0,0,0,'2020-10-28','2020-10-28',6008.61);
INSERT INTO `pedidos` VALUES (3,3,_binary 'Humberto',_binary 'Del Reloj 110, Cd Satélite, 64960 Monterrey, N.L., Mexico',8112816100,0,0,0,'2020-10-28','2020-10-28',6008.61);
INSERT INTO `pedidos` VALUES (4,0,_binary 'Humberto Tanga Gonzalez Plutarco',_binary 'Del Reloj 110,64960 Col Satelite',8183573284,0,1,0,'2020-10-28','2020-10-28',0);
INSERT INTO `pedidos` VALUES (5,2,_binary 'Humberto Tanga Gonzalez Plutarco',_binary 'Del Reloj 110,64960 Col Satelite',8183573284,0,1,0,'2020-10-28','2020-10-28',400.4);
INSERT INTO `pedidos` VALUES (6,1,_binary 'Humberto Tanga Gonzalez Plutarco',_binary 'Del Reloj 110,64960 Col Satelite',8183573284,0,1,0,'2020-10-28','2020-10-28',200.2);
INSERT INTO `pedidos` VALUES (7,6,_binary 'Humberto Tanga Gonzalez Plutarco',_binary 'Del Reloj 110,64960 Col Satelite',8183573284,0,1,0,'2020-10-28','2020-10-28',6609.209999999999);
INSERT INTO `pedidos` VALUES (8,6,_binary 'HUmberto garza',_binary 'Del Reloj 110, Cd Satélite, 64960 Monterrey, N.L., Mexico',8121122745,0,0,0,'2020-10-28','2020-10-28',1201.1999999999998);
INSERT INTO `pedidos` VALUES (9,6,_binary 'Humberto Tanga Gonzalez Plutarco',_binary 'Del Reloj 110,64960 Col Satelite',8183573284,0,1,0,'2020-10-28','2020-10-28',1201.1999999999998);
INSERT INTO `pedidos` VALUES (10,6,_binary 'Humberto',_binary 'Del Reloj 110, Cd Satélite, 64960 Monterrey, N.L., Mexico',8112816100,0,0,0,'2020-10-28','2020-10-28',1201.1999999999998);
INSERT INTO `pedidos` VALUES (12,7,_binary 'Fernanda',_binary 'Del Reloj 110, Cd Satélite, 64960 Monterrey, N.L., México',8112816100,0,2,0,'2020-10-29','2020-10-29',1401.4);
/*!40000 ALTER TABLE `pedidos` ENABLE KEYS */;
UNLOCK TABLES;

--
-- Table structure for table `producto_categoria`
--

DROP TABLE IF EXISTS `producto_categoria`;
/*!40101 SET @saved_cs_client     = @@character_set_client */;
/*!50503 SET character_set_client = utf8mb4 */;
CREATE TABLE `producto_categoria` (
  `id` int NOT NULL AUTO_INCREMENT,
  `idCat` int NOT NULL,
  `idProd` int NOT NULL,
  PRIMARY KEY (`id`),
  KEY `idProd` (`idProd`),
  KEY `idCat` (`idCat`),
  CONSTRAINT `producto_categoria_ibfk_1` FOREIGN KEY (`idProd`) REFERENCES `productos` (`id`),
  CONSTRAINT `producto_categoria_ibfk_2` FOREIGN KEY (`idCat`) REFERENCES `categorias` (`id`)
) ENGINE=InnoDB AUTO_INCREMENT=49 DEFAULT CHARSET=utf8mb4 COLLATE=utf8mb4_0900_ai_ci;
/*!40101 SET character_set_client = @saved_cs_client */;

--
-- Dumping data for table `producto_categoria`
--

LOCK TABLES `producto_categoria` WRITE;
/*!40000 ALTER TABLE `producto_categoria` DISABLE KEYS */;
INSERT INTO `producto_categoria` VALUES (46,3,9);
INSERT INTO `producto_categoria` VALUES (47,3,2);
INSERT INTO `producto_categoria` VALUES (48,3,1);
/*!40000 ALTER TABLE `producto_categoria` ENABLE KEYS */;
UNLOCK TABLES;

--
-- Table structure for table `productos`
--

DROP TABLE IF EXISTS `productos`;
/*!40101 SET @saved_cs_client     = @@character_set_client */;
/*!50503 SET character_set_client = utf8mb4 */;
CREATE TABLE `productos` (
  `id` int NOT NULL AUTO_INCREMENT,
  `nombre` blob NOT NULL,
  `sku` blob NOT NULL,
  `precio` blob NOT NULL,
  `detalles` blob NOT NULL,
  `dimesniones` blob NOT NULL,
  `activo` int NOT NULL,
  `cantidad` int NOT NULL,
  `alerta` int NOT NULL,
  PRIMARY KEY (`id`)
) ENGINE=InnoDB AUTO_INCREMENT=17 DEFAULT CHARSET=utf8mb4 COLLATE=utf8mb4_0900_ai_ci;
/*!40101 SET character_set_client = @saved_cs_client */;

--
-- Dumping data for table `productos`
--

LOCK TABLES `productos` WRITE;
/*!40000 ALTER TABLE `productos` DISABLE KEYS */;
INSERT INTO `productos` VALUES (1,_binary 'Ticket34',_binary 'SKUTICKET36',_binary '200.2',_binary 'detalles de ticketoe',_binary '/9j/4AAQSkZJRgABAgAAAQABAAD/2wBDAAgGBgcGBQgHBwcJCQgKDBQNDAsLDBkSEw8UHRofHh0aHBwgJC4nICIsIxwcKDcpLDAxNDQ0Hyc5PTgyPC4zNDL/2wBDAQkJCQwLDBgNDRgyIRwhMjIyMjIyMjIyMjIyMjIyMjIyMjIyMjIyMjIyMjIyMjIyMjIyMjIyMjIyMjIyMjIyMjL/wAARCAD6APoDASIAAhEBAxEB/8QAHwAAAQUBAQEBAQEAAAAAAAAAAAECAwQFBgcICQoL/8QAtRAAAgEDAwIEAwUFBAQAAAF9AQIDAAQRBRIhMUEGE1FhByJxFDKBkaEII0KxwRVS0fAkM2JyggkKFhcYGRolJicoKSo0NTY3ODk6Q0RFRkdISUpTVFVWV1hZWmNkZWZnaGlqc3R1dnd4eXqDhIWGh4iJipKTlJWWl5iZmqKjpKWmp6ipqrKztLW2t7i5usLDxMXGx8jJytLT1NXW19jZ2uHi4+Tl5ufo6erx8vP09fb3+Pn6/8QAHwEAAwEBAQEBAQEBAQAAAAAAAAECAwQFBgcICQoL/8QAtREAAgECBAQDBAcFBAQAAQJ3AAECAxEEBSExBhJBUQdhcRMiMoEIFEKRobHBCSMzUvAVYnLRChYkNOEl8RcYGRomJygpKjU2Nzg5OkNERUZHSElKU1RVVldYWVpjZGVmZ2hpanN0dXZ3eHl6goOEhYaHiImKkpOUlZaXmJmaoqOkpaanqKmqsrO0tba3uLm6wsPExcbHyMnK0tPU1dbX2Nna4uPk5ebn6Onq8vP09fb3+Pn6/9oADAMBAAIRAxEAPwDn559UmjKOk2D1IQiuQ1fS2Ry4tZGY8klCc17GM0oqG2VofP01q6oxNuykf7JFWI0ZUQEHgele9c0gQHsPyqZK5rTqcjvY8IC/N9Kf3r3PykJOUX8qUW0P/PGP/vkVPIbfWfI8LI60iDBNe7fY7c9beL/vgUn2G0/59YP+/YpcgfWl2PDCMikxxXuZ0+zP/Lnb/wDfsUf2dY4/487f/v0v+FHIH1pdjwwDFIwr3P8AsrTyc/YLX/vyv+FJ/ZOnHrp9p/35X/CjkD60ux4eo4pr5ANe4nR9MP8AzDrP/vwv+FKNG0v/AKBtn/34X/Cj2bD60ux4evQ0irxz617idE0k/wDMLsv+/C/4UDQdI/6Bdl/34X/Cn7Nh9ZXY8Ox1o9q9w/4R7Rj10uz/AO/K/wCFIfDein/mFWn/AH6FLkY/rMex4eOD70/aA3zele1/8Ixon/QLtf8Av2Kil8PeHkP7zT7YH0C80cjGsVHseMYy1PQAs1etnRPDu75dJiP1yP61PH4d8PsQTpMAXPOC2f50eybGsXBdDyFhhTUhT07V7ivgXwzKoP8AZykHniRh/WpP+EB8Mn/mHf8AkV/8aXsZF/XafZnhaLjd9aaOGAFe7DwB4aUHGmjn1lf/AOKpp8AeG+2mJ/39kH/s1HsZB9dp9meENy7ewpCte4v8P/DfO7S8Z/6bSf8AxVMPgLw3207/AMjSf/FUexkL65DszxHbwD7UhBAFe3jwJ4cH/MNH/f1//iq4n4h6Rp2kPpyWFqkAZZC+3PONuM5/GlKm4q7Kp4mM5cqRwvGSBkj1IxUg8vAyGz9ajA4p5IBxWZ0ntlOAoApw6V2HhjTxQKcaQCkMTvUg4pBS4oAWloAp22gAxTcU6igAHFFNwaXBzSAWlpMGlApiF704UmDSqDmgBRTJp47ePfI2B2Hc092EaM7HCqMkmuVubua7naRmCr/CPQU0rgak99JL90+WvoDz+dVPMXHGSapfaIY+ZJlGO7NT4tSs5H2Rzozex4qrDLKs5PC4+tWYpjF95s/SoFWZuVCKvd2kTA/Wrtvo5uUEhu0dD0MTbgfx4ovYDX0jUkkxbs2G6pnv7VuK2a466tNO08K0jytL1UK+D9c9qu2erXUkeEUBf4WkOT+mKW4rHSyTRQxmSWRUQdWY4AqpNrWlQIrzanZxq/Cl51AP0yaypbL+0ebqaQ88BGK/yrz278O+G7rX57SaG581Zo4f9c7E7jgYyf8AI/KqsSeu297aXgJtrqGcDqYpA38qe0Snpwa8tv8A4Xw2FtJeaLeXcN9EC8REmOR2yOak+H/xGub6/TRNccNcMdsNwRgs391vf0NKwz0dkKnBFeYfFQf6Zp47eW/8xXrLpuGK8p+Ky4utPOOsbj9RWVX4Towv8VHnApMU9VweaTHvXMeue3ilopcV1nhDaKdikoAKXvSDOaeBQACnikFOwcUANpaMe1KRigBuOaKdSYNAAKcKQCnAHNACrS4oAp2KBFHVgx0q4C5yVx1xxnmuUS2jUfPCWP8A10z/ADxXcPGskbRuMqwIP0rkJ4ryyuniljjkXPykfKSOx704jI1WFMFbUA+oj/rU6XUZbb5JdvQLmmrLGf8AWRvGfcf1HFOKJIPlkyPrmqsBYGmPdITLD5UR/gKA7vbbjNTabYatFdqI4Iba2RwdwO3evf5eufrVIT3kXEdwwA7Zpy61qMHWQOB1DAf/AK6TTAbq80tprEYuVJj3bmf+8O1Pu7thfWLxAmHzh93twQc1TufEy3uLa507z2JwpRtpB9utbVp4bmSAN53kuefKY7wvtnii9twJ7a9uBezbopnQgeWUYYHrxVebUNKtdWSW9tzHMGDb2YHb2zx6Z/WrEqXulxhpIvNU94uf6VxGv6jbQ6i2oSafduWiMbYh4AIwck+2fbvVoR6rezGKymkQFyqEgL1PFfM7yzLrDzRF0m8/cpHDBt2R+Nd9/wALA1bUYRY6Lo00p2bFJDSNjGOg/wAa1/APw2vU1Nda8QwIm0lorWQBiW7Mw7Y7Drmk9BHrEW4xIWzu2jOfWvLvi0Ns+mtjqJB/KvVGO1c15X8WzhNLf0Mo/wDQaxqaxOjDO1VHmrNjGDTN1QSTBQSarfbGz0rBQbPQlXjHc+g6UUd6UCuo8kCKaRUmKQ80ANCmngGnKOOtLt96AEAp2KMUY96QC4pDT8EjrSFcjrTEM70pB9qXbjvSgEd6QDcGlpcUdBQAtKAaYDT6AHAGoLuzjvI9snUfdYdRU4HvTqAOZubG4tD8y74x/Go/nVZVjdskDPrXXHBqpNptrMdzRBW9V4NUpAc60WDwSPxzTDF97OCD14refR1/5Zykf7wqu+kzg8Mh/GndDKWh6XHLqYnKDbD83Tv2/wAfwrr6pabAlnaBD99jliPWrfmp6/pWcndgW4TVuONASwRcnqcdaowyp2yauJLxwPzpoRYChRhQAPamtIq+5qMsx6mmUwBnLda8x+LYzp2nv0AlYfmB/hXphrzn4tL/AMU/at6XQH/jrVMtjSk7TR4tKxZz6CmUrf6xqKpbEzd5M+jsU5RQKcooJExSUy5uY7VNznJP3VHU1lzXMlwDvfav90HA/H1p2GaT30EWRksw7LzVSTUpSfkRVHvyaobk5ABJ9qBvY/dwOxNFgLgupn+9Ic+3FammyRzoY5FBkTuecj1rEEZHzF/wp8d4baZZAPu9yetFrgdQIk7Iv5UeVH/cX8qZa3UV3AJYmBU9R3B9DUpIAJJAA7mpAYYIz/Dj6Gmm3HZj+NZuoeJ9K0xttxcDjqVxgf5xWHL8U/DEcxjE9w4H8aQnaf60WYHVtC4HAz9KiPHUGszSvG3h7WZRDaajH5x6Rygxk/TdjP4VvsgccigRRzzTwfaleIxnPUetNGfagCSjGaQZ9qPmz2oAXBFOpADTuaADFNNLkjOcYqJ7iFOGkUH0zzSAeKTBJpsU6zOViUsQMnt/Op0hlZvuAfU0DJoBgVdjHFQw28o/hH51bWOQDmM/pTQhMUhFOJx1BH1GKMUwGEV558V1z4XiPpdL/wCgtXopFee/FUZ8KD2uU/k1S9i6fxo8Lc/vDTc0sn+sNNqlsKfxM+lFpZJVhieR/uoCTSr0qnrSM2kTqhIJAGQccZFBJgS3M91O00jAbjwPQelHmxJzJKB7k1US0UAb45X+suR/Oplit05FqMjuY8/rV3GSjVrEMEFwjN6Jz/KriO0q5i8s/WVB/Wqi3UKEKY+T0GKtRW814R5dsY17uw24/MUgLNrbQXc/knUrUzDkxRyh2H4cVqf2Rp9tE0k+SoHJY4/lWI+lX0MgGn28Uodv3jyJ5Z+ue/4A1furS/t9GXzZFnli3EhckAduvXA71NxFf7Si3BGn2yxf7eT+vP6VaMk90pEtyWXoVTgfpWNpV+rWb28hC3HJye/vUVkbgQajCUKM8pKEkjIKjkfjVWGaGqabaJplxKtrHLIEJ+ZA2T+Ncz4bs9P1efyZ9Jt1Ag8xyYgNrbiMfiBmujSS5jsR5lrEuxPnYucHA5PrWfoviSzm1D7KIo4/NYxiSPlS4GdpP0zQIzvGPgvT10Oa7sII4JrcGT5BjcB1FU/hv43uFvYtD1KdpIZfltpHOSjdlJ7g9B74FdN4xlkPhi8EW0kpggnHFeO+HbeW58SadDCpZzcx4GOnzDn6UtwPpjAIwehqqyFWIParQ61DMf3rfWpAZSimmgusUbO5CqoySewoAkzgZJwBVGfUlHywDef7x+7/APXrMudTa7fCqfKHRemfc1GGZ+p2/QUWAsy3Er58yQ49AcCoVcD7o59hSbF6nn605ZADsjXc3oKYyzBOYZklHUdR6iumtysiq6nKkZBrlk029uCD5O0f7XGPzrTsHuNJzHczwPH1Chm3L+n6UnqB00S8VOOBWWNTDp/o8Tsx6Fhgf41zviKLWjaSXaaybLbyCkbNj8Awz+VNIR2xqNoUPQbT7V49b+FfFN88k1v42vXkBG/964xkZHRsYwaWXxb4r8BX8NvrUy6tZSjIdwQ/vhvX65p2A9ZdGTryPUV558Ux/wAUsf8Ar4T+td9o+r2evaVDqNjJvgmGRnqp7gjsRXD/ABWh2eGHI+75qEe3P/16l7F0/iR4JKMOaZUs/wB/8Kiqo7CqaSZ9LKOKc8ayxNG4yrDBFIvI4p4pEnIXKXdjdNFLDHIuflZSVJHbjp+tKs8Z/wBZFJH9Rn9RkV1VzaxXceyVc46EdRWLc6dcWuSq+bH6qOR9RVJjKf7uQfu5s/Rs0L50PEMzKPQcUfunPzKCR6inmIYBUsPfOf50wG/2jqMRytwfb/PSmyeKr61A8xEkPfI5/TFOMTHHzA4OeRmoZ7ZX+8qk/SiyAk02P/hJrhpFsRaIn35VfqT6LjrW4/h6RD/o93keki8/mP8ACr+jWK2GnRxbQHb53+p/zir9Q5COK1B9RtA8bWEsyjI3IMg/icVwck+q6fIXtvD93LGZfMDspcbxwORnp2Ga9xpKOYDxJ7Xx34mRrf8As+W3t2+95ieUMfVuT+Fd54I8Dx+Fo3uZ5vP1CZdrsv3EXOcD16da7HGBntUbTBeFG4+tK9wJM7Bu79qrMCTmnBixy3WkZc9KAG1jeILp40gt4wpMhLMGbHA6fr/KtoKc1i6+BC0MzqxQgodqFueo4H40IDIUXTDO6FM+mW/wpfImfhr51/65qq/zzSxm1mP7to89xgAj+tStagg4B/76NUMdFELePm4En/XZVb+YqQ315abZ/tJtbReWCW6FX+pwcD3qGALbOHNuJMf3zmr39sw5/fWIcejElR+HIqWmBft9ca6sJZ0jwFYKJQDtIIzkZ61Dpnl3iS3ZJcqxwD147/U1OniGwlhMdwrKjDDAjIx/OqdpDA18Ro94s5fkxbWzj34x+PFOKA0LbVmFheTnazQysqjnoMYzjPrUurmz1TSpLS5miMcg+bAJx+FPSzls94aydQ7bnKDcCfXiszXdQsxpFxAlzFbyFcAlguPxPSqEaPhyys7GzlFpMJd8gLt6YUAD8ABXCfGW7Q2Vja/L5nmF/fGMVHo3i7RvDwdpNS852hWORI8vvdSfmyOOhx74rA8S67cfEHUbax0fTZ5WQnGRzz3PYD3JoA6b4H3dwy6tZlibdNkiqR0Y5B/MAflXRfFcKfB05PUSoR9c1seB/CMPhLQ1gOGvZgHunDZBb0HsM1i/FQh/Clwo/hdCf++hUS6lU/iR4BOPnH0qKppuXqPFVDYdX42fSUR+XmpRUMfQVMKCBwpaQGjvSAhmsra45lhUn16H86qtpEWP3cjL9ea0aKAMltKkx8siH65FLa6a4uo2m2mNTk47+laopaLgWPNT1/Sk85PU/lUFIelKwExuFHQE00zsegxUXWlAoAczMw5JNMzTm4pBjPSgByj60+kWlyKAAdajubeO6gaGQZU/ofWpVINKcUgOTurE2r7LiJXTPytjg0xUTrG7r7A/0NdY6q6lGUMp6gjNZs+iQud0DtC3p1X8qq4GSVcL94N9RTCjNkbfxFaI0u7jGPlkHqppv2WZT80L/lTuMpS6es6YII9q7TwvpSaZpu4LiSY7ie+Ow/r+NZGnWTXNzHGysF6tkdq7JBgAYpN9BMdis+50PTLvPnWcbZ6kcZ/KtGkLqO9IRzb+AvCrz+c2hWhf128H6joa2rSws9PhENnaw20Q/ghjCD8hU5kHYVDLLtXJNMB8kmAcfnXnfxLZf+ETvBnncn/oYrsbi8wpxXmvxGuXk8P3K5wMr/6EKTfQuG6Z49IwMlMzUZJ3GlzVR0QTd5XPpZBipQDTAMVIvSkSKKXvRigUALgUFaMU7tSAaBTsYNAFNaaJD80qDH+1QA7bTWXIp2dygqGIPQ7TS7WI+635UARCnD6UbGB+435GlwR2oATmjbTqKAHdOKQg0uaM0AKlOb7tIBSvwKAG0ozTBnk5oeeOBcyuB6eppAS05VJasuTU2Y/uYwo9X/wqOKaWY5eVz7ZwP0p2A6SLauCzBfqcVbV1xw2fpzWNZOIZFlQDjrjuK6NWDqGU5BGRT2Ar7vZ/++TRvXuwH1qzRQBWdgFzWbczknAq/clMH5Rmsx0BOc1LY0iq44Nef/EEf8SK5/4D/wChCvQ5EIU1594/50O6+g/mKRS3PGT940tIfvGlrUl7n03jFPWgqA5pVHFSSLilApCwRCzkBQMkntWBd6x9obbC5WH1HVv8BQlcZrzX0MJK8s3ovOKpyajO/wB0CMe3JrOEwIACYHv2p4DsOW/AdKdgJHlZz87sw92p0ci/dz+VQhI1PJz9aVpR0RTn6UwN7SrjdGYGPKcr9K0a5OBdQjkWaC3lYg55HBroob6ORB5qtBJjJSTjH49DUtAWqOtZ11rEMK/uAbh8cBOn51yeqeLfEtkWNvosUoYHbvYKFPv82T+lFmB3RjQ/wj8KY0I/hP515injvxvE2Z/DtvIvpGj5/Pca39A+JGm6pcrY6hC+mX5O3y5vuE+gbjB+oFFmB1pRh1FN71a4IweRUTrtNIBoNMZjmlOcVT1G6+x2E0+QCo+XPqeBQBFeaksDGKIgyfxMei//AF6zjMHYtku57msqOeNuVWWRick7TzU6zXP8FofYu4A/TJqrDL4DvgcCr1tEg5ds/Wsy0F87Zmhj2+kcnP6itWKUQlfKs2uZCcbZbkIB75C0CLyscARg/gK0tPu7mEmOe2m8rqrhc4/+tU9nfWgVlWJYpFTcyqM8ex71my3MmpXUkfmBUj5ZQentT3Ebkl9bxruMq9OFHJ/KuZ1zX9Yhid9NskKoM5lYDd+fSkTUrZJbiFEAWBVYsO+c/wCFUr26/tPSXUAxrNHwdy8ZpbDRx83iX4iXk7yQQWKpniNADj8Sc06L4i6zolzHB4p0lFST7stseR+GSD+YrY8M6RJpoleWcTHy0iQAg4AJPb3P6Vi/FNoP+EfiDIvm+aCh7j1qdGxnoljf2uqWEd5ZzLNbyjKuveuF+Ice3RbkjoR/WsX4PancfbL7Sy2bcxeeAT91gQDj6g/pXQ/EIZ8P3fsuf1qbWZUTwz+KlpP4qWtUS9z6gk+8KFoYUCpJMfxHdvFBDbxo7+aSWC+g/wDr1hI0+Bttgv8AvMBW14ijiUQ3E2wRjKFn6Anp9KyUjjkTdEwKnurnH86pbDAC+PQ26fUlv8Klhhvw+ZLiFx/dEZX+tNMLD+J/0pigq3zvIVzyF+Xj9aYFt51hXd9lWSQdA0smzPv2rT0zV4USNbmC1ikdtu62bcMnp2zVW3vdNhXC+ZGx4Z2ALH8T/hU9knh1J2nREMzEMWlBPI6Hn5QfpUMCXVtXZW+zwNtLNsz0Zj6ewrMufL06PzbgebIcYGfU4qfW9LF9Kt5p8iu68lUYHB9R/hWXdF76ARXiSQuhUliMZwc/riqWwG+txHFcrAsbM5UthR0ArE8R2N9e31nc2e4CAksrDG72zVgQQXFws7OwkUYDKecH3rE8QzzW15axWu7EjAM5c8Duenbr1H40WA6zSLNrLSbW2nbzJUjAdvU968m+JkVtD4lU26hXeIGQD1z1r0XStZMekRnUZUWVCymRiAHAPDfiMV5P4vuYtT8TStZSNOHIVdp3ZPoKLAeu/DXXZtb8LKLks89o/kNI38YABB+uDj8K7CQZj57GuZ8B+G5vDPh4Wtyym5lkMsmw5AyAAPyArppDhQvrzUMCsQKpatAZtNkVc5BDcexyavYBpwHHSgDj1jfHyyP+h/pTvLl4w5/75/8Ar1av9CW0kaa2VlhPJEZI2n6DtTbWGYkbZgw/21yf0xVbjJLRJN482Zgmedq84roopNLFv5TOwRh829QWP5/4VRgjkA+aMH3B/wAafIE2nchH/AaqxJqWCaDZQlbYRqCpUvITuweo3N0Ht0rnr+OXS7p7qxmSaGTqFcEn/wCvVDUQHhxEwDY5207wpoim6kv7keZsO2PdyA3XP4f1qX7o0iEgLdS3E0ckTTqAyyAgHGemfrRLFZxWTiJU3BTtDHp+FdwQCMEAj0rFvvC2mX7s8sbKzc/I2P0qeYo870TVTpVz51/exxKyuJY3IUYyChAyeevfpWP448TWGvxQWliGnlV+GVf0HrXoEnwr8LyyB2guM/xYmIDfX/61bmk+FNC0MhtP02GKQdJSN7/99HJo5kI5v4b+EJPD+mvf3qOl/dLho2x+7TOQPqeCah+IbY0O6XuUNd9K4VT615146JfSbvufLP8AKovdlRPFT96loI5pdp9K2RL3PqA80gqO3lEttFIOjoG/MVLUiGTwJcwPDIMqwrlLrSfsU53x8E/LKnGfxFdfSSIssZR1DKeoIoTsByCq6/cmJAHRhmn7pP4lB9xWrcaIpJa2k2H+63IqmbK7iJDxZHqpzVXQFJgp4KkfhUDwB0JXbu7AGtAxkHBBH1FNKgimMyNO0S41DVI4mlcJnLlWIwo616Tb2lva24gghRIgMbQOv19ao6JY/ZbYyuP3svJ9h2FatRJ3YGXfaFaXke1ALdv70SgVzOofDyW/yv8AbdxEvYqOfy/+vXdUhIHU0rsDy1Pg55kga88QzTKOyw4P5lj/ACrrvD/gXQ/DkontLdpbkdJ523MPpxgfgK6Muo96hkkY9Dge1F2BI8ip7moiSxyetNHIp4HFIBuKcBSY5pRmgCRELHpxTjo1vKdyAxOe69D+FSwDOKt+asa00Jmc9hPbg42uvseayLx5QSDG4/Cte71KKM4eQA+nU/lWXLq4yRHET7sf6U3JgjIMbyuFAJckACurtLZbS1jgX+Ecn1PesUX8pdWYgKDyFXt+NbKxowDbmYHkHcf6VMmUT0hYDqai8tff/vo0uwep/OpAUygdBmmM5PtS7PRvzppU0ARyn5DXEeLrdptIvTjgQuf0Nd15ZfisTxNaKPD2okj/AJdpD/46aECep88CHMiL6nFacenK0anPUA1WgTdeQjHVwK6CGNfIjyOdo7+1a09UFf3ZWR6z4cn+0+GdLmzy1pFn67RWoDXMeAZ/O8EaY2fuoyH8GI/pXTVJI7PNOBqOlBoAcRSYozmlFACFQ33gD9RTTbW7dYYz/wABFO5zTs0DJBI3rQZW9TUeaDQA/eSOpoApoNOFADqDRmg9KQDacGJ4xTKkU0ALilGKQnNNJGOcYoAlkvIrWEySMFUfrWHeavNcZCN5UfseT9T/AIVk31+17cl/MCwrwg9vX6mqovLaM/NOpYds5NVYDQ8xcHbknNCh2PIC1Vh1CGRtqiQe7Rso/UVYaWKNfMnvIIYuhbcWP5AUgJS/lDBJatXSNSjk/wBFdgHH3MnqPSmWelWM8QlE5nUjPHA/LqKq3stmkohs7OORx/Gwz+Wf50nqB0tZGqeJNM0lc3M4yOSFI4H4kVSinmkJgkvGLKAxRTjAPTp9KbPHbrYTPbiNpNhI9zilYZkz/Frw3DMY0W9mA6vHEMfqwrW0Tx94d1ydYIbzyJ2OFjuRsLfQ9CfbNYnha0nvmk+3WUaosYB3KDl8npx6YrO+KOgWFnottfwxxxTrKEwqgbgf8KfKhHsEdsCvPB9a5zxYuNA1JCOfssv4/KaxPhF4nuNZ0afTbyRpZ7HbskbJLRnOAT6ggj6Y9K6HxiP+Ke1Bu4t5P/QTRawLc+eNMTfrFonczCt9IvkX5R09f/rVkeHE83xPpiY+9Ov866N7Nldl3Lwcdaun8I8T8Z0nwzk3+C4Fz9yaRf1z/WuyDVwHwol3eGLlM8pdt+qrXeA4pEk4NLjio1ang9qQxcUopcjGKiZiG4NAEpFJTSSw4NKFwMc0ALRn3o2+1BXjpQADrTwcU0cUZzQA8UhWkFPFIBuOacBxRiigB3FVr/d/Z1zt+95TY/KrAoIBGCODQBwaWyJ/yxhb3JP9RVhXZPuxAD2IqfUNOubC5Yxy5t3Pyb1yF9uMVEryD78Ib3U/41QDo7iZm2iEDJxuYgCtCPTTIu5plMx+6UcbV/P/AArNIibOUK/UYqNogQdshx7GiwG/YaLPAWlu7/zJGRkxGm1cH19SPwrEM9zpWrym7UlHGA3YD29qqySXlvHmCSRSewOMVo+HrfUtXkdtRuGa0j/gIHzN6Z60rWAit1c31zOJVMc0aqp7jk/41Y2XNnph/wBJ3LCnAVFzgV0h0SwlIxbKhH/PMlf5VUn8IXsysLfUzGpGApQfzwaE0wuY3hDWLu8l/wBLjPkSRs6OcZUq2MHHHPUfQ1znxd1G2uILO2hulZ1JLQqQfoT6VtXHwo1m5lIbxbKkDfeVYMH6cMAa2tA+FPh/RbhLqfzdRukOQ1wRsB9Qo/rmqukSUPhF4XudG0afUrsBZNQVGjTuIxkgn3Of5V0PjE/8U9qK+ttJ/wCgmumZgormvEq+dpd4n96Fx/46ancaPBvCGD420UHobuMfm2K379/L1G6QSvhZXHA9zXP+D2/4rjQz0/0+D/0MVuazFKmu6gpZMrcyA/L/ALRqqexeIV5ln4SS5sNTi/uyo35g/wCFejA15Z8JZcXupwZ+9Ej/AJEj+teo9Kl7kkqtzipc1WU8VIGwKAJw3FGB6UwGnA0APFPHNRA04NQBLjimkU4Hig4oAZRR3pR0oAAeaeKZxTxQAtFFLikAgpT0oxSigBrRrIhR1DKeoIrJudD5L2r7f9h+n51sikZlQbnZVHqTii9gOZNncxZEkDgeo5H6VF5Ck8qPxFdBLrGmQD97qVon+9Mo/rVCXxX4cBIfUrZvoN38hRzopQk9kZy23mFURcljgCussLJbW2SBB06n1Pc1zi+MfC0cm5bxNy91gfj/AMdqwnxF8OQhT508mem2E/1xUuce5So1HtFnZQW4AyatAYFcHJ8VNFUHy7a+f/gCgf8AoVU2+LNmSRFpc7YGfmkC/wBDS9rBdSlhaz+yejlgKYX9K8yk+LLFgsejgZ7tcZ/9lqpJ8VdRz8mn2oGP4ix/qKXtoFLB1ux6oxzWRqkYkhkU9GBFedP8UdaZcrbWK9f4GP8A7NWPdfE7X5BjZZjPpEf8aaqxYPCVFucj4ZfyfGGkM/Gy/hz+Ei13Ov2ZPiPU+T/x9y9P981wGn3BPiCzuGxuN2jnA/2wa9e1S3ZtXvSUQkzuc4P941tT2Ma+kjzX4Z3PkeKGjz/rrdl/Ig/0r2DdXhPg5mXxPaFSQcPyD/sGvR7q7uVVttxKOR0c1EnZiirnYKeKeGrynUdV1GNG2ahdL/uzMP61hyatqT536hdt9ZmP9anmNo0r9T3QNzQ1zCn35UX6sBXgT3M8iDfPI3+85NMBO4c0uc1WFv1Pen1jTYv9ZqFqn+9Mo/rVdvFGhxn5tVtc/wCzID/KvD5OgpB978DS9oyvqke57S/jnw4n/MSVj/sxuf6VWk+ImgxnAe4k/wB2L/EivHoPuD6mnfxGhzY44aFrnqr/ABO0gEhLS9Yj1VR/7NUDfFC0H+r0yZv96QD/ABrzAffNOHepc5FrDU+x6K/xSOQE0kDPrcf/AGNRSfFG9/5Z6dbr/vOT/hXn5/1g+lK3UUueRSw9PsdrJ8TdacfJBZxg+iMT+rVUl+IXiOTO27jT/dhX+oNcselJ3pcz7l+xprobz+NPEUpO/VJf+Aqq/wAhVaXxLrci/Pq17z6TsP61kL916H+4tF2PkitkXn1bUZMCS/umz/emY/1qAyyOCXZmPuc1A3+sj+p/lUh+6aTKVgiOFp6gswA+tMWpofv/AIVLLiOjU4cjucVMPlkQHoP8KE/1K/X+tIf9d+H9KzNUrInU/KTmhTgNj2qNO9PH3G/3hUlC5Jf8KJDxQvVqR+o+lCExrEYI9jWbPxmtI9/oazLnqa1gYVditaNi+tT6Sqf1Fe4X1zG2oXJJGTKx/U14ba/8fVv/ANdF/mK9YvXb7fcfMf8AWt39zXoU9jxMT8R//9k=',1,2990,100);
INSERT INTO `productos` VALUES (2,_binary 'Hambaga',_binary 'SKU de hambaga',_binary '200.2',_binary 'detalles de hambaga',_binary '/9j/4AAQSkZJRgABAQAAAQABAAD/2wCEAAkGBxISEhUSEhMWFRUWFxcYFhYXFRgYGBUYFxgXFxgWFxgYHSggGBolGxUXITEiJSkrLi4uGB8zODMtNygtLisBCgoKDg0OGxAQGy0lICUtLS0tLS0tLS0tLS0tLS0tLS0tLS0tLS0tLS0tLS0tLS0tLS0tLS0tLS0tLS0tLS0tLf/AABEIAOEA4QMBIgACEQEDEQH/xAAbAAABBQEBAAAAAAAAAAAAAAAEAQIDBQYAB//EAEEQAAEDAgQDBQcCBAMIAwEAAAEAAhEDIQQSMUEFUWETInGBkQYyobHB0fAUQlJy4fEHYsIVFiMzgpKiskNz0lP/xAAaAQADAQEBAQAAAAAAAAAAAAAAAQIDBAUG/8QAJxEAAgIBAwQCAgMBAAAAAAAAAAECEQMSITEEE0FRFDIiYQVxkcH/2gAMAwEAAhEDEQA/AM6uhMBTwVwHcL2YXGiE4FOBSAHdhQozgQjQllOworX8NHJDVOFjkruV0J6mJxRm38KHJQP4QOS1RYk7EJ9xk9tGPfwhQO4UQtqcOFG7CBWsrJeJGJdgXDZMNBw2W0dgQoXcPHJUsxDwmOLei4LVVOGDkhqnCRyVd1B22jPEqN5V3U4QhKvCXbKlNCcWVBElEUmKY8NeE9tBw1Cq0yNzmMUoaualLkBZzgoXqRz1C9yYmxpKVrlGSkBQInzpj3JkpYTAZK5OhckBvCFynNJMdSXAd5HmTgUhplKGIAdK6UoauyoATMnhyZCUBAEgKdKjXIAklIUxLKAHBOUeZKHIAcQmlg5JcyWUARGiEx2FCIlcEWFAbsCFE7h45KyXJ2KkU7+GjkhqvChyWgKQgKlkZLgjKVeEckJU4Y5bQ0gonYYKllZDxIxD8A8bKI4dw2W4dgQoXcPHJWsxLwmMyncJSta/hg5IapwgHZWsqIeJmZhctB/sQckqfdQtDNaGpTTCm7JcWLhs7QY0UnYoiEqLAF7JJ2SMyrsiLAB7JIaaONNMNNOwA8iTKizTTTTQAKQkhEmmmmmgCCF0KbImlqBEaaSpMqQtQAyVwcnQlhMBoenh6blSwgB2ZJKYUiAJJTgobpMxQAWFxCF7Qru1KBBGVL2YUArJzcQmBL2YSpnbrkBRbGu3mmms1Zhtdx3UnanmUaSjQue1QuqtCrKGY7ot1EEao0ism/UNXHEtVRWw5BsUK9xG6Wkdmg/VNXHFNVExx5qPI95hkn5eqTSW7Gk26RoP1LVxxLVU0uG1IlziPD7qYYA/l1hLqca8m8elyMO/UtTTiW80C7Bn8KaMIVPyoF/Dl7DjiGpDVagv0Zi0+n1lMdhDy+qPkxD4j9lk0g6LiAqt2FKQUSNJFtU/kRF8V+y1yJpAVK+gR5qB9B3X1VrMmS+ma8mggJpKzJpu5mfEporVRo93rPzWimmZvFJGozBKQs5S4lUGpB8RHyVphON0jZ4LDz1b6hWqZk014Dg1IWqdrmuEtII5gyh3NKbjRKdnZUrqO6R9WE8V5CFEGyAsCeykElNklT1KJAsih2J2QXJOydzXJUFlVREFG0mNK5wapoaGyrqwsWrVa0WQFTFnZdVcNUK/EAJUMIFZx1umVHDdRsxEq99n+CmqRUeO7MNB/cfsFnkmoR1MuEHJ0hnCODuqw58huw3I5nkFoP0bGCA0Tt+bKzDS2coknT82CjZg3GTNxryt1Xi9Rmnlf/D0McYwQBWbaNuSGOHHhyurn9JvtrPIc55pzMIJ0Np6W2K5Uma9xIof0wulZg5Gl/HbwV03CgcvDw26ofGPyCGjXfcLeEG+QeS+CrpUdYsOX3UbqAm+/Tmei0b8O0j8mY6IN9GDa2nTy+K1hjvcl5CnOBm4trEmDb6qOrgHeI8j8NtFcYiiCDa/Pmo+H1MwdNrx6WWygkTrZncSwNFxJ0G0bKOhhhUBuA7rZW+NoX2jkQqynSyn8/OSpbBdgdfBObqEFiMMW6jXzV9imgtG538eXwUFOjmhlr2n0sqUmhNGbfTUURorPEMjWyjqUBtaVvGZjKFgVGoWmWktPMfUbq6wHFwe7VsdnbHx5KqqUYKXsrLeM7OWcKNA+9lLRpgIDhVUDumS20GD3Sf2norXsjyW6MGDkwVJ+pUj6R5KEYYyigH/AKpcn/pCuSoLMt+pcUQcYS2FCKNkopFKzTSMzuTuzO6kpUXO2R1PBndJsaQnCuFPrPDG6nU8huV6lQwgZkptkBjYA5AdfElUf+HnDpe952ho/wDY/ILX16YD3HpA+K83qm5P9I3xuito0xAgXjX88lI/Dm3T58z+ckbhsP4REnxRNNkkk/2XNHFa3Llkoqv05JkmfLzAjlZK3DanncDmrKnSuYOhXOoKlh8i7hTYsBjXPdsD+dFTYagarmuM5DeVf8bphzOyiS8xHzd5fZPZhw0BoFgPoUtLNIzpfsBxMX8rjn+T6IPJujq7bnwBEfnmhiCGi1p15z8kJUNMr8SDFuX3QWCpGSdJt566eCtazfz7fBQBlwNPlaytb8lWVuOHeHxHWB91A+nMDp8TItG6sX0g7XfQqJ7LjeL8v7eKFY7Kl86mJERyjU/MW6pcNRmqAfd32hE1qQkjxTA2TMn1/NlVsPBUYykXZnOhozTA25D1S08NnZmG356fdS8SPRG8Koxmpu5ctwqvYlszlWiPiowwiNbK0xuH2/t5IUgXhdEGc0xr2Z2ATBn0P2sFqOD1s9Jrj72jvEWKy1uf50Vv7L1u+9h0IzDxGvwPwXZGRyyRd1olS02BPqUwUtOArMx2QJUiVMRkMNgQ7Uo1uDaEPQIF5VnkETKwbOpEAptGgTCUQQFG8HkpY1R6B7FYcU8O2p/GXH1t8grDFwCXRYRboZXlzMdVp+69zRykx6J59oqjvf743uQubJhk+ClyegVeNtpiSWjpPLlCrcR7TOYZDSZ2yHnsZ6ql9muzr14DTZpdBMi0fdej4PhDCACBEan7LFYM0paUaPJigraPOKn+JDGFwLXEiZGXrpeE+l/ihQJaCyJ52APUnT5LZ8R9h8LXBL6LSSPeiDH82o8lmMd/hJhzdhe0zPvZh4EHULojgaX5Jld7p5eKCG+09IONao1zQGgCAHQNSQQfpySf764F5IbWbm0BILR6uCDq+x9VtMU8zcgkaEeh5LK4j2DrNuMjjOgJiPMLJKPEjVQxS3s3mFqNd3g5rp3BB18PBR4xxDmt2JjyuvMXeztdjoNNzDO1wRzBarOmMU3StVOW8EueP/OYCbwRq1Ih7M3GJYEJUINtbH0grN4X2jxQMPpMc3ndrvS4+CJHtHeBSMmwFjr1UPDJCUi5IED5+ZsonNE/noq41HgjNLtSGtIv66+C48Sg+462xEeqnS/RYRUp3A3J+aZTp92eenh9Ex3FGudmIM8ojxuENiPaGiJBt0yu+Fk1FktsmZgQ94P7RLjy7t4TqZDXknn63VXR9oMK2QXkyCIDX/8A5/IQGK9p6Gb/AOS3+XXlrC2WGXhGLyL2H4z3jfwQNQaqurcfYYhjvMgfdSNxz9eytv3p89FqoSXgiUkxagR/AiRXZ5j/AMSqk4k6ljo8NFb+z+Y1WvyEBpMztIK0inZnJ7GvbK7KpKdQFSAABdBgC50iknouRYGAoYvYq1wlUubc6KhAaDqj6FVrbTqspKzpTotKdW6mOKLbygS5vNQOqAnVKh2WNfHAhQ4HDurOysYXHpoOpOygwOH7WqymP3OANtBNyvSKWGbQaGMa0DeBr1PNROdFRjfBU8E4BVo1BUbVDXRBaBIIOxnb0W7w3EXNb3gP+n6A/dZf9aGuIcYbsbnyiNUfQ4th3NaRUBzRA3EmJIOl+a545MurYrJiSW6ND/vNRAhxLejmkfGI+KIbxejUb3HMd0Dgfgs5iRh3WL2T1doq2gKLswa0vaDDnADJI2zGxPhzWy6vItpJGXxoNWrNo+owBsW0kbHnI3Wd4kWNcQ0yNunRQ4bsWzAItFjl80JjsICCWOcOcun6LDLk7tJJI0x41B7skJB6BOe2mGjeVSDtGkNzuE31H1CWpUfBh4m4GZgifJXj/GOmSsco72mG9iwzIHL7IM4RkkwLdFnHcT4i14aaNF7ZF25hbmO99EQeJ4h2lNjQdnZs0eAK07cEFTJ8XhwSDbW1lYds1jM1RmZu5/cI5Ksiq9ogMB2F7nkCTCHoVqzxUp5gdQZAIHUQs5QT+pV+y6p0qFZuag4PG4/c3oRqFW8R4CxwiFnhw2tReHMeQ6bFtv7jotBQ45YdtLag/e0S0/zNFx5BT22uGGoyWO4XVw7w+nBym4Is4cro19HD4xh7uSoNRHeadvFq17qVOsC9plrtDtyVJxDgI95stcNCLR+ctF1YnJLc5sji3sYPE4M0nljvI8xzCuOAcU7Ihj70zz1b18EVxtzjRc2rTmo2Cx7Rre8ja3iFm8HVkgLVkLc9FLABMAg6fdKHu5Kh4NxOCKTtP2nkf4fBaNlcbpolk3bEAWTamK0uom4kHdNq1gSLIEE/qEig7QckiVDMRkTiO9OwU2MwpYbPnwQ4aP4lekrUECqQeYVxwWgKlQktIDW5hItP7fEFV3CMCar4k5B77hHdHNayqBAg90ANB6DRcnUZFH8VyRPLXAHhqjw4kQCbTF0bxDidVuXO6QIGYe95jdNZS3HqhOJHukFeenXDL6PqO1lTluvJd8P42ALvHmJvzIgpBgqDnmoC3OTJyvAJP8j/AKNWUdwvENa1waXAibHvRt3dZuhDjajfeB8wQtNM0fUx6bFl3xyR6BhOGUy7NUqVJkGCyxjQEt28gr8OYBka5oFzER46rydvE3Ab+UhNxftDWc4kPcP+ox6JxV7UYz/jZyf2PSuIYZzBmbfx0VZQ44Kbw2qxwE3IvbeFgXcfxER2hjlDfso2caqj9w/7W/QLSMEnZD/j51TaPVK3FMK6SDI2zNIMfJU3E+O4djstJpdzJDmCeQ1WCdxqr/EhMRjnO1P0Wjt8ER/j1H7M3P8At2jAkPE7SCBO8z+ckNW4tTNgHDxbBKwp4kW6O8tU+lxJ4AOTuzEyY5nmNFooSMpwwQf2Ndi8YbFkmDI/qPVQ4PjfZaUfEtNz1IhUVDiu5BA1209b6FFHiNEmzxcbiP6fFLS14MZLG/KLyp7Q0sl2OzTN+v8AdBYriNJzJJLTMRE+akp1czAe6elojX5FQVcTSbIzsZ4kKkkc8lXAXhcT2YD6VQXEuGxi3ead+quOH8cp1u5YP/hnX+U7+CyuIxNE3NQOnlt5yqGtjG5z2ZJjRwmAeYK0S9HPJbWz0bFUWuVNieC0nG7b8xY/BVuD9qyQO2bcAA1Gx3tpLefgfJXuE4hTqjMxwcN428RsqX7MX+ihxeAcwyNJ9FosBXa9gLozCx8QkqgFV8Q6AVSQtVhzjJsLBTU3TaEFSrRYpaFcHROh2HQFyD7YLkhjcJgWAwWTI8UPU4Iwgk5h4BTUq7WkiSTsZhWrsfTDMjg6D+4XummNxMtw3E/pahJDixwLXDQwdx1/qrythqjKhY0Fw2gG4mx6bKo4zRzaGdxrcdEOeJ4gCm2o52SmRA0JDTpmFzawnRc/UdN3GpRM2rNHhcWCe9tZV/tFUd3Ws380XSwTsS01qPukkEOMlpBNjlB1bB890uF4ZUBDi5hjSMxt4xY9PiFwQjp+3ItHksaWIqGkx+UNqGztACRY/wApsDA6WVjxDB0oqZmNe4tIkNi9oGgidZsgsK+k1xpmZAzQ42Djc6Dw1nfZHN4m5oc2WguADiBJOYEZhezuXguzHNSjZ1xm2k0Zet7OA13Ug6p3YsNTMRmBHO3mqriPAKjBVDZL2OiIAA7ocRMd4xePBbnhGCH6kB1Y1DUygXPaQJmZnKQY8fJTv4a9jn1C15pF5uTlLiDlBG5JAFovB01WkN1bRvLqJxdRk/8AWeYt4JiADnOW0tlkguiQyWyAfHkosFw98uNYENa3T3TJ92Zv6eOi9Yx+HYGn/iS1pa7IYc5xgvIENFpc4b3+OdxbBWaKgLWkDvNyxmIMsHLNLZ03hXSQvlZWuX/rPM3NqRBlp25nwT6OBzPyPcZiRe87i+602Fu4UntOZgJaADLzq3yFvRV+IwD24hhkXGliRaTMeNpTUjKU5S5bGYrgdV1MQAI17wP7XOFgLDKCYN+fWF1QOptD5zCAIBEgAQO9qbm9vc3m2/w739k1uUEElxzC8NvmzCxaLAePNB1eGMc5jwA41TlAgECxzPGthf8A7U9dk3W5hsTQ7N5qZ2kNggB05g7YOiDG+ngmVR2hpw3/AJhyAD+KQIEnW7eWvmrPG4Rr3P8A8pMCwManTUj82VdRw0lrS4XBc2CNZg6aGyalHkiTfBDUxOZhDvfbDZNyQMseYgjWNPPqXDSaYcAZJjaD16XOkeamfQaNRcdet/X6hXPC8T2jOzbbpO5gT8Am5+iEtzODCggQLXufUfJF4CnlB8CfQf1RXEMO6k99LTL3dQYy8yLE2KCps0zGQOSTdoXDAuISDYWm6hw2Ie05mOLTzBj15qfH1DN9/wCiHYrjwZSe5rOG+0TjAqNkQBmbr4kH6ItuJDzmEwDus/gaMAmLq5wgkCNDsuSebS9hawypWDilo1o2Tq2G7uYSCLnwCCDwt4ZFJWaRepBf6rouQHaf5lyoZbVXvLoyhtt+Xklquf2YI25Mgep1TBxKPdeJiBDTCSrjakR3zobyAszcdQoF4h7ndNmhA8Swga/IRAOhLo9FY4TiLyMrw3KTawJHhqk4k0lxD+8IsS20RsrTIkja/wCGVBowTu7Gao6bzMZW6q/xHARGYNB+BWY/w1xwDamHLhZ2Ztos4QfiPivQqdQQAdreK4ckU5Oy7pHkfH2Btd5Fu9Maa7QVQYzF1WVGvz+9bTloCCvW/bf2fFemHUx/xGAwP4m6lvjuF5VxXDEsNNzSHDYiCDPLaFlC8U6fDMVceArhmNe6p2zGknLBIFxO5mw035Kyb+qqyTVhs3hveE6nXYGVluAY0sJp1QO6R72hHP7reUame1BrnMdTDqjGy73XEG8TAaRpz1Xfp9G8ZJop2tqUapF3tuW5pJe7RoA5n6J+A4ZDzUrv747zQDmJdJMG2gHX1RbsU01KZcWtItJEk83EaGAVUcY4gX1slKpOWGyQRJN7AaeaAbIG4Vgq1CS7tmt7ot3w4wGADQkTtqheGta3FBlUEECAI0O4dO4GlirjBYmnQcSKTnVi0F1RxJnmQNumkDmqXi2Ja/EMcPfaZdcW13k69b3R+if2aTE8SptL6mjW03U7mYNoJE93fyPgq7iGMaABlk2LRexb06k/BE1+J0SGM7MG8kHTOTNyDpN4BCpnuY2pDzDQ0gloEyRDWyQbeAm+qTVlJlZWxBpucXN9/wB4Tdv5Cq61TLDhqTIG0beeilxJseXI7E/NAOAiZt1PIKoowm9x+NrOguMAO2HKV3Csc2m4Ek87c9gmYbh1WsJENadyfotDwj2MDyDUrACP2t+pP0TeTHH8W9zLXuV+Ka6vVcaYBMSSbRNgCdLnQeKqH1HNkEHNcRyO9l6fxX2ebRwwbh2uMOzOIuXFoGp33VF7WcFp5qddh7tVuYkA+8AAehkEbbFZrKk6a2G5alZkMNg31TJVrheEEwBrOhsPVWOGw0NHfHmI+aMpYd4glwcNwCJWWTNN8GdkbcNUo5hkbYC8TJO0+CMw4aB7oB11gXUdYgOJDjlGoO3jeyf/ALRLRs5vM6jz+6zStEheHe28s6SZOu4uqXGUezfDgR/CeY5q5wVRriLz1OgnxVd7UcTa9wpNg5Ccx5u0gdAPn0W+Fu9i8b3AM45rkHA6eq5dBuWtOplflEO8e7PTYyjO3DiTkp9BdxG13EqpqvYSLGZG39NPJWlItLc3ZkkC8vaB4wADbwhSzVEZEOkueGjUDT5QrDD4ygyQRUg6h1wesyq/Mz/+jhOuQ+EXACkpljbgPdyzkgHme86ClZTQfhqxpVG1aLmlm+VoBg6tJF5Xp3DeKB7QZ1Fxv4ry4VXuaRlAA5EWHi0RHmncO412Byky2dR+2eXRc+WLf5R5NIpNUz2KljGmxMyN7FCcS4RRxA/4lNrriHSQ4DoQFmcJxogDM3NI94QZGxCtMLxxsd4Et5jb+YbLnjnT+4T6d+Ci417KU6fu3nQODXW/OqpiXUhlY8Nm0AkbRYOFj1EL0UOZUHdMg6Gx+azvGeFPee6wEHR1gPNVqlF2uCI4ovZ7MxRpkE5w5roiTJgeBVDT4fUFQnPF5tInbUSvW6PDCGjM0ER5Dw5ILFez1IaAAncT8LraOWdbmMoSvZmTwWD7R7n1C6HCLQwAAGwvf0TXcKZOUU233DgdTeRvZaYcIBBIEciS776IStw2JLmyOhiPVDyy8E1kM3xHhXdLA4tBImBv+fJQP4UDAdVfoJs0EkDe2/1V/Xwzp7oMRoXH5qKqwkGaet7u29FPdkTpyGaxXCKZBaXPNgZkctIhV2K4IzJ3S4nnPjAiFp6lEhxJb3LWnvWHOFLWp04b2bCI1l0yJ2gWQs0l5F28jKHhXDiym0S4jwFp2jZazhLgxp/hDTJI5XVdxLGGW9mBTYAABu47ucdyfgg6r6j/AHnnLyFh6DVZTbk7KXSye7NBxnjYNE02OBLhEDYaH4LP0uIlrDSewPpn9pnXm06gqKmyCmvaJVV7OiOJQVCVWsd7gyjkbwehUrKoYLSTtoB9z8EM+oAq3HcUa0dVag5bIh4ocsNxfEiJc4n79I3VYOMVDoGgcss25GdVVVcQ57pPkOSlpVSNl1QwRitzKVPwWD8e4CGSAdenghwdSnU3dQng9Z8tPLdaKKjwJKhmZ/L4LkvanouTGXFbBuOjmRa2ZoP/AG6lWGCAaNXExoMob5Ed4+irqTzoMgnYmZ5akRuim4d5M5W20Lb+WoB81kdOxa/qqhiGgeDW/ElpPqmUq5c4yWNMXIbTJPOSGuM+QS0GnKM7gCdRqL6mJNtBYjwSYms1hhhMnm0ZfLO4nadDqkLgTHY2QGNAPM5Rfyj6BVrgd8t/8rQjKb2/uMnpMfEADylSBrdctuuvopZcSPA46pSHd93dpu3nbSPirXAcfZUOV7cj75YMB08zsbb/ANFTV6sxZv8A2j6qMs/NNt40WUscZ8o1UnHhmvbXc24Jnk2b7zI139EYOPublBktt8jYbLBsrlggPc3kAbehkFLQ4rUFnZagnlB56jTe0LmfTNcM17kZco9F/wB4SdQeW0jxO+iKPEqbjB11vpfbqvN3e0MmHUy2ACMoBbyvMHToiqPGKW7n3AAhhAG0mNeSnt5UDhjPRGYunkzzbnI1VXi8cx0gGVj8ZxmkAYqe6I1PMaD7odnEWmXZxp3TbW2+ipdwjtQ9msbWDt4t+BQVKgcDf8FpWV/XEGA5pgX03PNLV4lAu5vrJvMz9uqf5h24+zRVMuX6nfZBYiqA0xrv4fgVHU4tYd5tuthyKEq8WNu8JNrXtr5rRRkyNMV5Lqu3NExqPohsTWDTlkHwVM7iDiYbnNr2I9JiNUwsrGYpm+k/SE1ifkNUS0fiWR+Qq/F8UAPTmhHYGufegTO4n1JSf7GOpv1LgfqtljiuWZuXoDxfEXPsEOyk4lWo4cROg+s8rKVmFuLiT0da38q21qOyMXFvkqxQ/JlSCh0Vm3B+Pp91KzCAbnwiLfeEu4LtlXTYRsjKJdyFo9OVkUcOAcp1BOnp9FJ2cQIuY10Hh5ny+RqsNAFDOTf/ADXI/wDT/wCQen9FyNY9BY0eHFkkh23vGPhuDfZMrVIkEhvQENA8AZf8kdXrUhacx/yk/wDsRPkIVDWLnu7jR4gHfm6/zT/sr+h9WuHAnPB2kOJ6QSbHzj4qKm3TPcbfxR0nbxsuOGjVwB1JEk/BPpgDcyTrGviVLfoej2WGEo7gW5zf+n5dHkDQeeiq8OS03/urWk4ltoCjkvZcA7m8h+dUNXDt/irAU9fM8k11Pl/dMmypy/gsoYvqrd4On91A9xiAT1jbwunQ1IBqgAWmfhPkrDhlGm3vPMOB/hDjMxEEjbrsEuDBF5dy96PwyiWOfMtc6BpL3GCDqeaVBqDm4sim8FsnNaGZYGnM9635CrWY585ZcL2JGjT059Lqeqau7zHKbeM/1QlU1J989O8fCFVmbQ2s/wDiBcP4g2B8BcqM4QO1p5jI/bYWnwhT4ei9sGpYb5rztEE9VA+o8R0kCAL+IA5fVD3GnSJsNgyRcNpcj7ojSdANxpyQdaGOOYBxk6FzoG5MH5Fc+kSMziTqRLRe995SjD5oAa4n+T8sk2CH8Mw2fOSAY6xuSYE/5UbVwI8/P8lT8E4dDXZ4ERAL2yIzazpN1Zfp2zq3nNyJ5C0LmyPc6IcGZdgBF/Hrrt6FdSwAPmdOZ6dVqsThmwCJJiC0iJ6k3t9kLRwudzhYchoYHLwSTAzdbh2V0Ef2+v8AQp4wIMWIM67bi3PZaLEYIkExcb3HgR4x8ELUwz+6TJkanncj4iPNWidin/TAiw/p0jknnDjYweo05q9pYYXIAI1k7Tz6X+SgqUBPugFpvcXEa9FVMVoqBTgzFxpJm97nmuNEG83gHWdQSNFa/ozME6iZtofD6Jz8GI/bJI2E66ApiKv9O3kfh91ytsj+TPj9lyNwKr/4D4H5qTg/unw/0lIuW8iIAZ1HiUylr5rlyyfk0fgKZ7yNbp6fRcuQiHyOO3gUTT08x8wuXJiAKuv51UO35zXLkwJaOiIwvuDwSrkmCJ6vuM/NwgqXv/8ASfkuXI8CZ2K/5Pk75hA4L3T4hcuR4AuuB6H+ZvyKA4h/zmfzfZcuVojyT+zejv5h/qVvhP2eP3XLlxZPsdcPqH1v9Z/9Sgh7zP5h8guXIiJnO99vh9kJif2/n7gkXLUlDOH6n/6x/qSt953g35uSrlaICKfueT/mFA33T5/NcuS8lBq5cuTEf//Z',1,184,199);
INSERT INTO `productos` VALUES (3,_binary 'Hambaga',_binary 'SKU de hambaga',_binary '200.20',_binary 'detalles de hambaga',_binary '/9j/4AAQSkZJRgABAQAAAQABAAD/2wCEAAkGBxISEhUSEhMWFRUWFxcYFhYXFRgYGBUYFxgXFxgWFxgYHSggGBolGxUXITEiJSkrLi4uGB8zODMtNygtLisBCgoKDg0OGxAQGy0lICUtLS0tLS0tLS0tLS0tLS0tLS0tLS0tLS0tLS0tLS0tLS0tLS0tLS0tLS0tLS0tLS0tLf/AABEIAOEA4QMBIgACEQEDEQH/xAAbAAABBQEBAAAAAAAAAAAAAAAEAQIDBQYAB//EAEEQAAEDAgQDBQcCBAMIAwEAAAEAAhEDIQQSMUEFUWETInGBkQYyobHB0fAUQlJy4fEHYsIVFiMzgpKiskNz0lP/xAAaAQADAQEBAQAAAAAAAAAAAAAAAQIDBAUG/8QAJxEAAgIBAwQCAgMBAAAAAAAAAAECEQMSITEEE0FRFDIiYQVxkcH/2gAMAwEAAhEDEQA/AM6uhMBTwVwHcL2YXGiE4FOBSAHdhQozgQjQllOworX8NHJDVOFjkruV0J6mJxRm38KHJQP4QOS1RYk7EJ9xk9tGPfwhQO4UQtqcOFG7CBWsrJeJGJdgXDZMNBw2W0dgQoXcPHJUsxDwmOLei4LVVOGDkhqnCRyVd1B22jPEqN5V3U4QhKvCXbKlNCcWVBElEUmKY8NeE9tBw1Cq0yNzmMUoaualLkBZzgoXqRz1C9yYmxpKVrlGSkBQInzpj3JkpYTAZK5OhckBvCFynNJMdSXAd5HmTgUhplKGIAdK6UoauyoATMnhyZCUBAEgKdKjXIAklIUxLKAHBOUeZKHIAcQmlg5JcyWUARGiEx2FCIlcEWFAbsCFE7h45KyXJ2KkU7+GjkhqvChyWgKQgKlkZLgjKVeEckJU4Y5bQ0gonYYKllZDxIxD8A8bKI4dw2W4dgQoXcPHJWsxLwmMyncJSta/hg5IapwgHZWsqIeJmZhctB/sQckqfdQtDNaGpTTCm7JcWLhs7QY0UnYoiEqLAF7JJ2SMyrsiLAB7JIaaONNMNNOwA8iTKizTTTTQAKQkhEmmmmmgCCF0KbImlqBEaaSpMqQtQAyVwcnQlhMBoenh6blSwgB2ZJKYUiAJJTgobpMxQAWFxCF7Qru1KBBGVL2YUArJzcQmBL2YSpnbrkBRbGu3mmms1Zhtdx3UnanmUaSjQue1QuqtCrKGY7ot1EEao0ism/UNXHEtVRWw5BsUK9xG6Wkdmg/VNXHFNVExx5qPI95hkn5eqTSW7Gk26RoP1LVxxLVU0uG1IlziPD7qYYA/l1hLqca8m8elyMO/UtTTiW80C7Bn8KaMIVPyoF/Dl7DjiGpDVagv0Zi0+n1lMdhDy+qPkxD4j9lk0g6LiAqt2FKQUSNJFtU/kRF8V+y1yJpAVK+gR5qB9B3X1VrMmS+ma8mggJpKzJpu5mfEporVRo93rPzWimmZvFJGozBKQs5S4lUGpB8RHyVphON0jZ4LDz1b6hWqZk014Dg1IWqdrmuEtII5gyh3NKbjRKdnZUrqO6R9WE8V5CFEGyAsCeykElNklT1KJAsih2J2QXJOydzXJUFlVREFG0mNK5wapoaGyrqwsWrVa0WQFTFnZdVcNUK/EAJUMIFZx1umVHDdRsxEq99n+CmqRUeO7MNB/cfsFnkmoR1MuEHJ0hnCODuqw58huw3I5nkFoP0bGCA0Tt+bKzDS2coknT82CjZg3GTNxryt1Xi9Rmnlf/D0McYwQBWbaNuSGOHHhyurn9JvtrPIc55pzMIJ0Np6W2K5Uma9xIof0wulZg5Gl/HbwV03CgcvDw26ofGPyCGjXfcLeEG+QeS+CrpUdYsOX3UbqAm+/Tmei0b8O0j8mY6IN9GDa2nTy+K1hjvcl5CnOBm4trEmDb6qOrgHeI8j8NtFcYiiCDa/Pmo+H1MwdNrx6WWygkTrZncSwNFxJ0G0bKOhhhUBuA7rZW+NoX2jkQqynSyn8/OSpbBdgdfBObqEFiMMW6jXzV9imgtG538eXwUFOjmhlr2n0sqUmhNGbfTUURorPEMjWyjqUBtaVvGZjKFgVGoWmWktPMfUbq6wHFwe7VsdnbHx5KqqUYKXsrLeM7OWcKNA+9lLRpgIDhVUDumS20GD3Sf2norXsjyW6MGDkwVJ+pUj6R5KEYYyigH/AKpcn/pCuSoLMt+pcUQcYS2FCKNkopFKzTSMzuTuzO6kpUXO2R1PBndJsaQnCuFPrPDG6nU8huV6lQwgZkptkBjYA5AdfElUf+HnDpe952ho/wDY/ILX16YD3HpA+K83qm5P9I3xuito0xAgXjX88lI/Dm3T58z+ckbhsP4REnxRNNkkk/2XNHFa3Llkoqv05JkmfLzAjlZK3DanncDmrKnSuYOhXOoKlh8i7hTYsBjXPdsD+dFTYagarmuM5DeVf8bphzOyiS8xHzd5fZPZhw0BoFgPoUtLNIzpfsBxMX8rjn+T6IPJujq7bnwBEfnmhiCGi1p15z8kJUNMr8SDFuX3QWCpGSdJt566eCtazfz7fBQBlwNPlaytb8lWVuOHeHxHWB91A+nMDp8TItG6sX0g7XfQqJ7LjeL8v7eKFY7Kl86mJERyjU/MW6pcNRmqAfd32hE1qQkjxTA2TMn1/NlVsPBUYykXZnOhozTA25D1S08NnZmG356fdS8SPRG8Koxmpu5ctwqvYlszlWiPiowwiNbK0xuH2/t5IUgXhdEGc0xr2Z2ATBn0P2sFqOD1s9Jrj72jvEWKy1uf50Vv7L1u+9h0IzDxGvwPwXZGRyyRd1olS02BPqUwUtOArMx2QJUiVMRkMNgQ7Uo1uDaEPQIF5VnkETKwbOpEAptGgTCUQQFG8HkpY1R6B7FYcU8O2p/GXH1t8grDFwCXRYRboZXlzMdVp+69zRykx6J59oqjvf743uQubJhk+ClyegVeNtpiSWjpPLlCrcR7TOYZDSZ2yHnsZ6ql9muzr14DTZpdBMi0fdej4PhDCACBEan7LFYM0paUaPJigraPOKn+JDGFwLXEiZGXrpeE+l/ihQJaCyJ52APUnT5LZ8R9h8LXBL6LSSPeiDH82o8lmMd/hJhzdhe0zPvZh4EHULojgaX5Jld7p5eKCG+09IONao1zQGgCAHQNSQQfpySf764F5IbWbm0BILR6uCDq+x9VtMU8zcgkaEeh5LK4j2DrNuMjjOgJiPMLJKPEjVQxS3s3mFqNd3g5rp3BB18PBR4xxDmt2JjyuvMXeztdjoNNzDO1wRzBarOmMU3StVOW8EueP/OYCbwRq1Ih7M3GJYEJUINtbH0grN4X2jxQMPpMc3ndrvS4+CJHtHeBSMmwFjr1UPDJCUi5IED5+ZsonNE/noq41HgjNLtSGtIv66+C48Sg+462xEeqnS/RYRUp3A3J+aZTp92eenh9Ex3FGudmIM8ojxuENiPaGiJBt0yu+Fk1FktsmZgQ94P7RLjy7t4TqZDXknn63VXR9oMK2QXkyCIDX/8A5/IQGK9p6Gb/AOS3+XXlrC2WGXhGLyL2H4z3jfwQNQaqurcfYYhjvMgfdSNxz9eytv3p89FqoSXgiUkxagR/AiRXZ5j/AMSqk4k6ljo8NFb+z+Y1WvyEBpMztIK0inZnJ7GvbK7KpKdQFSAABdBgC50iknouRYGAoYvYq1wlUubc6KhAaDqj6FVrbTqspKzpTotKdW6mOKLbygS5vNQOqAnVKh2WNfHAhQ4HDurOysYXHpoOpOygwOH7WqymP3OANtBNyvSKWGbQaGMa0DeBr1PNROdFRjfBU8E4BVo1BUbVDXRBaBIIOxnb0W7w3EXNb3gP+n6A/dZf9aGuIcYbsbnyiNUfQ4th3NaRUBzRA3EmJIOl+a545MurYrJiSW6ND/vNRAhxLejmkfGI+KIbxejUb3HMd0Dgfgs5iRh3WL2T1doq2gKLswa0vaDDnADJI2zGxPhzWy6vItpJGXxoNWrNo+owBsW0kbHnI3Wd4kWNcQ0yNunRQ4bsWzAItFjl80JjsICCWOcOcun6LDLk7tJJI0x41B7skJB6BOe2mGjeVSDtGkNzuE31H1CWpUfBh4m4GZgifJXj/GOmSsco72mG9iwzIHL7IM4RkkwLdFnHcT4i14aaNF7ZF25hbmO99EQeJ4h2lNjQdnZs0eAK07cEFTJ8XhwSDbW1lYds1jM1RmZu5/cI5Ksiq9ogMB2F7nkCTCHoVqzxUp5gdQZAIHUQs5QT+pV+y6p0qFZuag4PG4/c3oRqFW8R4CxwiFnhw2tReHMeQ6bFtv7jotBQ45YdtLag/e0S0/zNFx5BT22uGGoyWO4XVw7w+nBym4Is4cro19HD4xh7uSoNRHeadvFq17qVOsC9plrtDtyVJxDgI95stcNCLR+ctF1YnJLc5sji3sYPE4M0nljvI8xzCuOAcU7Ihj70zz1b18EVxtzjRc2rTmo2Cx7Rre8ja3iFm8HVkgLVkLc9FLABMAg6fdKHu5Kh4NxOCKTtP2nkf4fBaNlcbpolk3bEAWTamK0uom4kHdNq1gSLIEE/qEig7QckiVDMRkTiO9OwU2MwpYbPnwQ4aP4lekrUECqQeYVxwWgKlQktIDW5hItP7fEFV3CMCar4k5B77hHdHNayqBAg90ANB6DRcnUZFH8VyRPLXAHhqjw4kQCbTF0bxDidVuXO6QIGYe95jdNZS3HqhOJHukFeenXDL6PqO1lTluvJd8P42ALvHmJvzIgpBgqDnmoC3OTJyvAJP8j/AKNWUdwvENa1waXAibHvRt3dZuhDjajfeB8wQtNM0fUx6bFl3xyR6BhOGUy7NUqVJkGCyxjQEt28gr8OYBka5oFzER46rydvE3Ab+UhNxftDWc4kPcP+ox6JxV7UYz/jZyf2PSuIYZzBmbfx0VZQ44Kbw2qxwE3IvbeFgXcfxER2hjlDfso2caqj9w/7W/QLSMEnZD/j51TaPVK3FMK6SDI2zNIMfJU3E+O4djstJpdzJDmCeQ1WCdxqr/EhMRjnO1P0Wjt8ER/j1H7M3P8At2jAkPE7SCBO8z+ckNW4tTNgHDxbBKwp4kW6O8tU+lxJ4AOTuzEyY5nmNFooSMpwwQf2Ndi8YbFkmDI/qPVQ4PjfZaUfEtNz1IhUVDiu5BA1209b6FFHiNEmzxcbiP6fFLS14MZLG/KLyp7Q0sl2OzTN+v8AdBYriNJzJJLTMRE+akp1czAe6elojX5FQVcTSbIzsZ4kKkkc8lXAXhcT2YD6VQXEuGxi3ead+quOH8cp1u5YP/hnX+U7+CyuIxNE3NQOnlt5yqGtjG5z2ZJjRwmAeYK0S9HPJbWz0bFUWuVNieC0nG7b8xY/BVuD9qyQO2bcAA1Gx3tpLefgfJXuE4hTqjMxwcN428RsqX7MX+ihxeAcwyNJ9FosBXa9gLozCx8QkqgFV8Q6AVSQtVhzjJsLBTU3TaEFSrRYpaFcHROh2HQFyD7YLkhjcJgWAwWTI8UPU4Iwgk5h4BTUq7WkiSTsZhWrsfTDMjg6D+4XummNxMtw3E/pahJDixwLXDQwdx1/qrythqjKhY0Fw2gG4mx6bKo4zRzaGdxrcdEOeJ4gCm2o52SmRA0JDTpmFzawnRc/UdN3GpRM2rNHhcWCe9tZV/tFUd3Ws380XSwTsS01qPukkEOMlpBNjlB1bB890uF4ZUBDi5hjSMxt4xY9PiFwQjp+3ItHksaWIqGkx+UNqGztACRY/wApsDA6WVjxDB0oqZmNe4tIkNi9oGgidZsgsK+k1xpmZAzQ42Djc6Dw1nfZHN4m5oc2WguADiBJOYEZhezuXguzHNSjZ1xm2k0Zet7OA13Ug6p3YsNTMRmBHO3mqriPAKjBVDZL2OiIAA7ocRMd4xePBbnhGCH6kB1Y1DUygXPaQJmZnKQY8fJTv4a9jn1C15pF5uTlLiDlBG5JAFovB01WkN1bRvLqJxdRk/8AWeYt4JiADnOW0tlkguiQyWyAfHkosFw98uNYENa3T3TJ92Zv6eOi9Yx+HYGn/iS1pa7IYc5xgvIENFpc4b3+OdxbBWaKgLWkDvNyxmIMsHLNLZ03hXSQvlZWuX/rPM3NqRBlp25nwT6OBzPyPcZiRe87i+602Fu4UntOZgJaADLzq3yFvRV+IwD24hhkXGliRaTMeNpTUjKU5S5bGYrgdV1MQAI17wP7XOFgLDKCYN+fWF1QOptD5zCAIBEgAQO9qbm9vc3m2/w739k1uUEElxzC8NvmzCxaLAePNB1eGMc5jwA41TlAgECxzPGthf8A7U9dk3W5hsTQ7N5qZ2kNggB05g7YOiDG+ngmVR2hpw3/AJhyAD+KQIEnW7eWvmrPG4Rr3P8A8pMCwManTUj82VdRw0lrS4XBc2CNZg6aGyalHkiTfBDUxOZhDvfbDZNyQMseYgjWNPPqXDSaYcAZJjaD16XOkeamfQaNRcdet/X6hXPC8T2jOzbbpO5gT8Am5+iEtzODCggQLXufUfJF4CnlB8CfQf1RXEMO6k99LTL3dQYy8yLE2KCps0zGQOSTdoXDAuISDYWm6hw2Ie05mOLTzBj15qfH1DN9/wCiHYrjwZSe5rOG+0TjAqNkQBmbr4kH6ItuJDzmEwDus/gaMAmLq5wgkCNDsuSebS9hawypWDilo1o2Tq2G7uYSCLnwCCDwt4ZFJWaRepBf6rouQHaf5lyoZbVXvLoyhtt+Xklquf2YI25Mgep1TBxKPdeJiBDTCSrjakR3zobyAszcdQoF4h7ndNmhA8Swga/IRAOhLo9FY4TiLyMrw3KTawJHhqk4k0lxD+8IsS20RsrTIkja/wCGVBowTu7Gao6bzMZW6q/xHARGYNB+BWY/w1xwDamHLhZ2Ztos4QfiPivQqdQQAdreK4ckU5Oy7pHkfH2Btd5Fu9Maa7QVQYzF1WVGvz+9bTloCCvW/bf2fFemHUx/xGAwP4m6lvjuF5VxXDEsNNzSHDYiCDPLaFlC8U6fDMVceArhmNe6p2zGknLBIFxO5mw035Kyb+qqyTVhs3hveE6nXYGVluAY0sJp1QO6R72hHP7reUame1BrnMdTDqjGy73XEG8TAaRpz1Xfp9G8ZJop2tqUapF3tuW5pJe7RoA5n6J+A4ZDzUrv747zQDmJdJMG2gHX1RbsU01KZcWtItJEk83EaGAVUcY4gX1slKpOWGyQRJN7AaeaAbIG4Vgq1CS7tmt7ot3w4wGADQkTtqheGta3FBlUEECAI0O4dO4GlirjBYmnQcSKTnVi0F1RxJnmQNumkDmqXi2Ja/EMcPfaZdcW13k69b3R+if2aTE8SptL6mjW03U7mYNoJE93fyPgq7iGMaABlk2LRexb06k/BE1+J0SGM7MG8kHTOTNyDpN4BCpnuY2pDzDQ0gloEyRDWyQbeAm+qTVlJlZWxBpucXN9/wB4Tdv5Cq61TLDhqTIG0beeilxJseXI7E/NAOAiZt1PIKoowm9x+NrOguMAO2HKV3Csc2m4Ek87c9gmYbh1WsJENadyfotDwj2MDyDUrACP2t+pP0TeTHH8W9zLXuV+Ka6vVcaYBMSSbRNgCdLnQeKqH1HNkEHNcRyO9l6fxX2ebRwwbh2uMOzOIuXFoGp33VF7WcFp5qddh7tVuYkA+8AAehkEbbFZrKk6a2G5alZkMNg31TJVrheEEwBrOhsPVWOGw0NHfHmI+aMpYd4glwcNwCJWWTNN8GdkbcNUo5hkbYC8TJO0+CMw4aB7oB11gXUdYgOJDjlGoO3jeyf/ALRLRs5vM6jz+6zStEheHe28s6SZOu4uqXGUezfDgR/CeY5q5wVRriLz1OgnxVd7UcTa9wpNg5Ccx5u0gdAPn0W+Fu9i8b3AM45rkHA6eq5dBuWtOplflEO8e7PTYyjO3DiTkp9BdxG13EqpqvYSLGZG39NPJWlItLc3ZkkC8vaB4wADbwhSzVEZEOkueGjUDT5QrDD4ygyQRUg6h1wesyq/Mz/+jhOuQ+EXACkpljbgPdyzkgHme86ClZTQfhqxpVG1aLmlm+VoBg6tJF5Xp3DeKB7QZ1Fxv4ry4VXuaRlAA5EWHi0RHmncO412Byky2dR+2eXRc+WLf5R5NIpNUz2KljGmxMyN7FCcS4RRxA/4lNrriHSQ4DoQFmcJxogDM3NI94QZGxCtMLxxsd4Et5jb+YbLnjnT+4T6d+Ci417KU6fu3nQODXW/OqpiXUhlY8Nm0AkbRYOFj1EL0UOZUHdMg6Gx+azvGeFPee6wEHR1gPNVqlF2uCI4ovZ7MxRpkE5w5roiTJgeBVDT4fUFQnPF5tInbUSvW6PDCGjM0ER5Dw5ILFez1IaAAncT8LraOWdbmMoSvZmTwWD7R7n1C6HCLQwAAGwvf0TXcKZOUU233DgdTeRvZaYcIBBIEciS776IStw2JLmyOhiPVDyy8E1kM3xHhXdLA4tBImBv+fJQP4UDAdVfoJs0EkDe2/1V/Xwzp7oMRoXH5qKqwkGaet7u29FPdkTpyGaxXCKZBaXPNgZkctIhV2K4IzJ3S4nnPjAiFp6lEhxJb3LWnvWHOFLWp04b2bCI1l0yJ2gWQs0l5F28jKHhXDiym0S4jwFp2jZazhLgxp/hDTJI5XVdxLGGW9mBTYAABu47ucdyfgg6r6j/AHnnLyFh6DVZTbk7KXSye7NBxnjYNE02OBLhEDYaH4LP0uIlrDSewPpn9pnXm06gqKmyCmvaJVV7OiOJQVCVWsd7gyjkbwehUrKoYLSTtoB9z8EM+oAq3HcUa0dVag5bIh4ocsNxfEiJc4n79I3VYOMVDoGgcss25GdVVVcQ57pPkOSlpVSNl1QwRitzKVPwWD8e4CGSAdenghwdSnU3dQng9Z8tPLdaKKjwJKhmZ/L4LkvanouTGXFbBuOjmRa2ZoP/AG6lWGCAaNXExoMob5Ed4+irqTzoMgnYmZ5akRuim4d5M5W20Lb+WoB81kdOxa/qqhiGgeDW/ElpPqmUq5c4yWNMXIbTJPOSGuM+QS0GnKM7gCdRqL6mJNtBYjwSYms1hhhMnm0ZfLO4nadDqkLgTHY2QGNAPM5Rfyj6BVrgd8t/8rQjKb2/uMnpMfEADylSBrdctuuvopZcSPA46pSHd93dpu3nbSPirXAcfZUOV7cj75YMB08zsbb/ANFTV6sxZv8A2j6qMs/NNt40WUscZ8o1UnHhmvbXc24Jnk2b7zI139EYOPublBktt8jYbLBsrlggPc3kAbehkFLQ4rUFnZagnlB56jTe0LmfTNcM17kZco9F/wB4SdQeW0jxO+iKPEqbjB11vpfbqvN3e0MmHUy2ACMoBbyvMHToiqPGKW7n3AAhhAG0mNeSnt5UDhjPRGYunkzzbnI1VXi8cx0gGVj8ZxmkAYqe6I1PMaD7odnEWmXZxp3TbW2+ipdwjtQ9msbWDt4t+BQVKgcDf8FpWV/XEGA5pgX03PNLV4lAu5vrJvMz9uqf5h24+zRVMuX6nfZBYiqA0xrv4fgVHU4tYd5tuthyKEq8WNu8JNrXtr5rRRkyNMV5Lqu3NExqPohsTWDTlkHwVM7iDiYbnNr2I9JiNUwsrGYpm+k/SE1ifkNUS0fiWR+Qq/F8UAPTmhHYGufegTO4n1JSf7GOpv1LgfqtljiuWZuXoDxfEXPsEOyk4lWo4cROg+s8rKVmFuLiT0da38q21qOyMXFvkqxQ/JlSCh0Vm3B+Pp91KzCAbnwiLfeEu4LtlXTYRsjKJdyFo9OVkUcOAcp1BOnp9FJ2cQIuY10Hh5ny+RqsNAFDOTf/ADXI/wDT/wCQen9FyNY9BY0eHFkkh23vGPhuDfZMrVIkEhvQENA8AZf8kdXrUhacx/yk/wDsRPkIVDWLnu7jR4gHfm6/zT/sr+h9WuHAnPB2kOJ6QSbHzj4qKm3TPcbfxR0nbxsuOGjVwB1JEk/BPpgDcyTrGviVLfoej2WGEo7gW5zf+n5dHkDQeeiq8OS03/urWk4ltoCjkvZcA7m8h+dUNXDt/irAU9fM8k11Pl/dMmypy/gsoYvqrd4On91A9xiAT1jbwunQ1IBqgAWmfhPkrDhlGm3vPMOB/hDjMxEEjbrsEuDBF5dy96PwyiWOfMtc6BpL3GCDqeaVBqDm4sim8FsnNaGZYGnM9635CrWY585ZcL2JGjT059Lqeqau7zHKbeM/1QlU1J989O8fCFVmbQ2s/wDiBcP4g2B8BcqM4QO1p5jI/bYWnwhT4ei9sGpYb5rztEE9VA+o8R0kCAL+IA5fVD3GnSJsNgyRcNpcj7ojSdANxpyQdaGOOYBxk6FzoG5MH5Fc+kSMziTqRLRe995SjD5oAa4n+T8sk2CH8Mw2fOSAY6xuSYE/5UbVwI8/P8lT8E4dDXZ4ERAL2yIzazpN1Zfp2zq3nNyJ5C0LmyPc6IcGZdgBF/Hrrt6FdSwAPmdOZ6dVqsThmwCJJiC0iJ6k3t9kLRwudzhYchoYHLwSTAzdbh2V0Ef2+v8AQp4wIMWIM67bi3PZaLEYIkExcb3HgR4x8ELUwz+6TJkanncj4iPNWidin/TAiw/p0jknnDjYweo05q9pYYXIAI1k7Tz6X+SgqUBPugFpvcXEa9FVMVoqBTgzFxpJm97nmuNEG83gHWdQSNFa/ozME6iZtofD6Jz8GI/bJI2E66ApiKv9O3kfh91ytsj+TPj9lyNwKr/4D4H5qTg/unw/0lIuW8iIAZ1HiUylr5rlyyfk0fgKZ7yNbp6fRcuQiHyOO3gUTT08x8wuXJiAKuv51UO35zXLkwJaOiIwvuDwSrkmCJ6vuM/NwgqXv/8ASfkuXI8CZ2K/5Pk75hA4L3T4hcuR4AuuB6H+ZvyKA4h/zmfzfZcuVojyT+zejv5h/qVvhP2eP3XLlxZPsdcPqH1v9Z/9Sgh7zP5h8guXIiJnO99vh9kJif2/n7gkXLUlDOH6n/6x/qSt953g35uSrlaICKfueT/mFA33T5/NcuS8lBq5cuTEf//Z',1,200,199);
INSERT INTO `productos` VALUES (4,_binary 'Hambaga',_binary 'SKU de hambaga',_binary '200.20',_binary 'detalles de hambaga',_binary '/9j/4AAQSkZJRgABAQAAAQABAAD/2wCEAAkGBxISEhUSEhMWFRUWFxcYFhYXFRgYGBUYFxgXFxgWFxgYHSggGBolGxUXITEiJSkrLi4uGB8zODMtNygtLisBCgoKDg0OGxAQGy0lICUtLS0tLS0tLS0tLS0tLS0tLS0tLS0tLS0tLS0tLS0tLS0tLS0tLS0tLS0tLS0tLS0tLf/AABEIAOEA4QMBIgACEQEDEQH/xAAbAAABBQEBAAAAAAAAAAAAAAAEAQIDBQYAB//EAEEQAAEDAgQDBQcCBAMIAwEAAAEAAhEDIQQSMUEFUWETInGBkQYyobHB0fAUQlJy4fEHYsIVFiMzgpKiskNz0lP/xAAaAQADAQEBAQAAAAAAAAAAAAAAAQIDBAUG/8QAJxEAAgIBAwQCAgMBAAAAAAAAAAECEQMSITEEE0FRFDIiYQVxkcH/2gAMAwEAAhEDEQA/AM6uhMBTwVwHcL2YXGiE4FOBSAHdhQozgQjQllOworX8NHJDVOFjkruV0J6mJxRm38KHJQP4QOS1RYk7EJ9xk9tGPfwhQO4UQtqcOFG7CBWsrJeJGJdgXDZMNBw2W0dgQoXcPHJUsxDwmOLei4LVVOGDkhqnCRyVd1B22jPEqN5V3U4QhKvCXbKlNCcWVBElEUmKY8NeE9tBw1Cq0yNzmMUoaualLkBZzgoXqRz1C9yYmxpKVrlGSkBQInzpj3JkpYTAZK5OhckBvCFynNJMdSXAd5HmTgUhplKGIAdK6UoauyoATMnhyZCUBAEgKdKjXIAklIUxLKAHBOUeZKHIAcQmlg5JcyWUARGiEx2FCIlcEWFAbsCFE7h45KyXJ2KkU7+GjkhqvChyWgKQgKlkZLgjKVeEckJU4Y5bQ0gonYYKllZDxIxD8A8bKI4dw2W4dgQoXcPHJWsxLwmMyncJSta/hg5IapwgHZWsqIeJmZhctB/sQckqfdQtDNaGpTTCm7JcWLhs7QY0UnYoiEqLAF7JJ2SMyrsiLAB7JIaaONNMNNOwA8iTKizTTTTQAKQkhEmmmmmgCCF0KbImlqBEaaSpMqQtQAyVwcnQlhMBoenh6blSwgB2ZJKYUiAJJTgobpMxQAWFxCF7Qru1KBBGVL2YUArJzcQmBL2YSpnbrkBRbGu3mmms1Zhtdx3UnanmUaSjQue1QuqtCrKGY7ot1EEao0ism/UNXHEtVRWw5BsUK9xG6Wkdmg/VNXHFNVExx5qPI95hkn5eqTSW7Gk26RoP1LVxxLVU0uG1IlziPD7qYYA/l1hLqca8m8elyMO/UtTTiW80C7Bn8KaMIVPyoF/Dl7DjiGpDVagv0Zi0+n1lMdhDy+qPkxD4j9lk0g6LiAqt2FKQUSNJFtU/kRF8V+y1yJpAVK+gR5qB9B3X1VrMmS+ma8mggJpKzJpu5mfEporVRo93rPzWimmZvFJGozBKQs5S4lUGpB8RHyVphON0jZ4LDz1b6hWqZk014Dg1IWqdrmuEtII5gyh3NKbjRKdnZUrqO6R9WE8V5CFEGyAsCeykElNklT1KJAsih2J2QXJOydzXJUFlVREFG0mNK5wapoaGyrqwsWrVa0WQFTFnZdVcNUK/EAJUMIFZx1umVHDdRsxEq99n+CmqRUeO7MNB/cfsFnkmoR1MuEHJ0hnCODuqw58huw3I5nkFoP0bGCA0Tt+bKzDS2coknT82CjZg3GTNxryt1Xi9Rmnlf/D0McYwQBWbaNuSGOHHhyurn9JvtrPIc55pzMIJ0Np6W2K5Uma9xIof0wulZg5Gl/HbwV03CgcvDw26ofGPyCGjXfcLeEG+QeS+CrpUdYsOX3UbqAm+/Tmei0b8O0j8mY6IN9GDa2nTy+K1hjvcl5CnOBm4trEmDb6qOrgHeI8j8NtFcYiiCDa/Pmo+H1MwdNrx6WWygkTrZncSwNFxJ0G0bKOhhhUBuA7rZW+NoX2jkQqynSyn8/OSpbBdgdfBObqEFiMMW6jXzV9imgtG538eXwUFOjmhlr2n0sqUmhNGbfTUURorPEMjWyjqUBtaVvGZjKFgVGoWmWktPMfUbq6wHFwe7VsdnbHx5KqqUYKXsrLeM7OWcKNA+9lLRpgIDhVUDumS20GD3Sf2norXsjyW6MGDkwVJ+pUj6R5KEYYyigH/AKpcn/pCuSoLMt+pcUQcYS2FCKNkopFKzTSMzuTuzO6kpUXO2R1PBndJsaQnCuFPrPDG6nU8huV6lQwgZkptkBjYA5AdfElUf+HnDpe952ho/wDY/ILX16YD3HpA+K83qm5P9I3xuito0xAgXjX88lI/Dm3T58z+ckbhsP4REnxRNNkkk/2XNHFa3Llkoqv05JkmfLzAjlZK3DanncDmrKnSuYOhXOoKlh8i7hTYsBjXPdsD+dFTYagarmuM5DeVf8bphzOyiS8xHzd5fZPZhw0BoFgPoUtLNIzpfsBxMX8rjn+T6IPJujq7bnwBEfnmhiCGi1p15z8kJUNMr8SDFuX3QWCpGSdJt566eCtazfz7fBQBlwNPlaytb8lWVuOHeHxHWB91A+nMDp8TItG6sX0g7XfQqJ7LjeL8v7eKFY7Kl86mJERyjU/MW6pcNRmqAfd32hE1qQkjxTA2TMn1/NlVsPBUYykXZnOhozTA25D1S08NnZmG356fdS8SPRG8Koxmpu5ctwqvYlszlWiPiowwiNbK0xuH2/t5IUgXhdEGc0xr2Z2ATBn0P2sFqOD1s9Jrj72jvEWKy1uf50Vv7L1u+9h0IzDxGvwPwXZGRyyRd1olS02BPqUwUtOArMx2QJUiVMRkMNgQ7Uo1uDaEPQIF5VnkETKwbOpEAptGgTCUQQFG8HkpY1R6B7FYcU8O2p/GXH1t8grDFwCXRYRboZXlzMdVp+69zRykx6J59oqjvf743uQubJhk+ClyegVeNtpiSWjpPLlCrcR7TOYZDSZ2yHnsZ6ql9muzr14DTZpdBMi0fdej4PhDCACBEan7LFYM0paUaPJigraPOKn+JDGFwLXEiZGXrpeE+l/ihQJaCyJ52APUnT5LZ8R9h8LXBL6LSSPeiDH82o8lmMd/hJhzdhe0zPvZh4EHULojgaX5Jld7p5eKCG+09IONao1zQGgCAHQNSQQfpySf764F5IbWbm0BILR6uCDq+x9VtMU8zcgkaEeh5LK4j2DrNuMjjOgJiPMLJKPEjVQxS3s3mFqNd3g5rp3BB18PBR4xxDmt2JjyuvMXeztdjoNNzDO1wRzBarOmMU3StVOW8EueP/OYCbwRq1Ih7M3GJYEJUINtbH0grN4X2jxQMPpMc3ndrvS4+CJHtHeBSMmwFjr1UPDJCUi5IED5+ZsonNE/noq41HgjNLtSGtIv66+C48Sg+462xEeqnS/RYRUp3A3J+aZTp92eenh9Ex3FGudmIM8ojxuENiPaGiJBt0yu+Fk1FktsmZgQ94P7RLjy7t4TqZDXknn63VXR9oMK2QXkyCIDX/8A5/IQGK9p6Gb/AOS3+XXlrC2WGXhGLyL2H4z3jfwQNQaqurcfYYhjvMgfdSNxz9eytv3p89FqoSXgiUkxagR/AiRXZ5j/AMSqk4k6ljo8NFb+z+Y1WvyEBpMztIK0inZnJ7GvbK7KpKdQFSAABdBgC50iknouRYGAoYvYq1wlUubc6KhAaDqj6FVrbTqspKzpTotKdW6mOKLbygS5vNQOqAnVKh2WNfHAhQ4HDurOysYXHpoOpOygwOH7WqymP3OANtBNyvSKWGbQaGMa0DeBr1PNROdFRjfBU8E4BVo1BUbVDXRBaBIIOxnb0W7w3EXNb3gP+n6A/dZf9aGuIcYbsbnyiNUfQ4th3NaRUBzRA3EmJIOl+a545MurYrJiSW6ND/vNRAhxLejmkfGI+KIbxejUb3HMd0Dgfgs5iRh3WL2T1doq2gKLswa0vaDDnADJI2zGxPhzWy6vItpJGXxoNWrNo+owBsW0kbHnI3Wd4kWNcQ0yNunRQ4bsWzAItFjl80JjsICCWOcOcun6LDLk7tJJI0x41B7skJB6BOe2mGjeVSDtGkNzuE31H1CWpUfBh4m4GZgifJXj/GOmSsco72mG9iwzIHL7IM4RkkwLdFnHcT4i14aaNF7ZF25hbmO99EQeJ4h2lNjQdnZs0eAK07cEFTJ8XhwSDbW1lYds1jM1RmZu5/cI5Ksiq9ogMB2F7nkCTCHoVqzxUp5gdQZAIHUQs5QT+pV+y6p0qFZuag4PG4/c3oRqFW8R4CxwiFnhw2tReHMeQ6bFtv7jotBQ45YdtLag/e0S0/zNFx5BT22uGGoyWO4XVw7w+nBym4Is4cro19HD4xh7uSoNRHeadvFq17qVOsC9plrtDtyVJxDgI95stcNCLR+ctF1YnJLc5sji3sYPE4M0nljvI8xzCuOAcU7Ihj70zz1b18EVxtzjRc2rTmo2Cx7Rre8ja3iFm8HVkgLVkLc9FLABMAg6fdKHu5Kh4NxOCKTtP2nkf4fBaNlcbpolk3bEAWTamK0uom4kHdNq1gSLIEE/qEig7QckiVDMRkTiO9OwU2MwpYbPnwQ4aP4lekrUECqQeYVxwWgKlQktIDW5hItP7fEFV3CMCar4k5B77hHdHNayqBAg90ANB6DRcnUZFH8VyRPLXAHhqjw4kQCbTF0bxDidVuXO6QIGYe95jdNZS3HqhOJHukFeenXDL6PqO1lTluvJd8P42ALvHmJvzIgpBgqDnmoC3OTJyvAJP8j/AKNWUdwvENa1waXAibHvRt3dZuhDjajfeB8wQtNM0fUx6bFl3xyR6BhOGUy7NUqVJkGCyxjQEt28gr8OYBka5oFzER46rydvE3Ab+UhNxftDWc4kPcP+ox6JxV7UYz/jZyf2PSuIYZzBmbfx0VZQ44Kbw2qxwE3IvbeFgXcfxER2hjlDfso2caqj9w/7W/QLSMEnZD/j51TaPVK3FMK6SDI2zNIMfJU3E+O4djstJpdzJDmCeQ1WCdxqr/EhMRjnO1P0Wjt8ER/j1H7M3P8At2jAkPE7SCBO8z+ckNW4tTNgHDxbBKwp4kW6O8tU+lxJ4AOTuzEyY5nmNFooSMpwwQf2Ndi8YbFkmDI/qPVQ4PjfZaUfEtNz1IhUVDiu5BA1209b6FFHiNEmzxcbiP6fFLS14MZLG/KLyp7Q0sl2OzTN+v8AdBYriNJzJJLTMRE+akp1czAe6elojX5FQVcTSbIzsZ4kKkkc8lXAXhcT2YD6VQXEuGxi3ead+quOH8cp1u5YP/hnX+U7+CyuIxNE3NQOnlt5yqGtjG5z2ZJjRwmAeYK0S9HPJbWz0bFUWuVNieC0nG7b8xY/BVuD9qyQO2bcAA1Gx3tpLefgfJXuE4hTqjMxwcN428RsqX7MX+ihxeAcwyNJ9FosBXa9gLozCx8QkqgFV8Q6AVSQtVhzjJsLBTU3TaEFSrRYpaFcHROh2HQFyD7YLkhjcJgWAwWTI8UPU4Iwgk5h4BTUq7WkiSTsZhWrsfTDMjg6D+4XummNxMtw3E/pahJDixwLXDQwdx1/qrythqjKhY0Fw2gG4mx6bKo4zRzaGdxrcdEOeJ4gCm2o52SmRA0JDTpmFzawnRc/UdN3GpRM2rNHhcWCe9tZV/tFUd3Ws380XSwTsS01qPukkEOMlpBNjlB1bB890uF4ZUBDi5hjSMxt4xY9PiFwQjp+3ItHksaWIqGkx+UNqGztACRY/wApsDA6WVjxDB0oqZmNe4tIkNi9oGgidZsgsK+k1xpmZAzQ42Djc6Dw1nfZHN4m5oc2WguADiBJOYEZhezuXguzHNSjZ1xm2k0Zet7OA13Ug6p3YsNTMRmBHO3mqriPAKjBVDZL2OiIAA7ocRMd4xePBbnhGCH6kB1Y1DUygXPaQJmZnKQY8fJTv4a9jn1C15pF5uTlLiDlBG5JAFovB01WkN1bRvLqJxdRk/8AWeYt4JiADnOW0tlkguiQyWyAfHkosFw98uNYENa3T3TJ92Zv6eOi9Yx+HYGn/iS1pa7IYc5xgvIENFpc4b3+OdxbBWaKgLWkDvNyxmIMsHLNLZ03hXSQvlZWuX/rPM3NqRBlp25nwT6OBzPyPcZiRe87i+602Fu4UntOZgJaADLzq3yFvRV+IwD24hhkXGliRaTMeNpTUjKU5S5bGYrgdV1MQAI17wP7XOFgLDKCYN+fWF1QOptD5zCAIBEgAQO9qbm9vc3m2/w739k1uUEElxzC8NvmzCxaLAePNB1eGMc5jwA41TlAgECxzPGthf8A7U9dk3W5hsTQ7N5qZ2kNggB05g7YOiDG+ngmVR2hpw3/AJhyAD+KQIEnW7eWvmrPG4Rr3P8A8pMCwManTUj82VdRw0lrS4XBc2CNZg6aGyalHkiTfBDUxOZhDvfbDZNyQMseYgjWNPPqXDSaYcAZJjaD16XOkeamfQaNRcdet/X6hXPC8T2jOzbbpO5gT8Am5+iEtzODCggQLXufUfJF4CnlB8CfQf1RXEMO6k99LTL3dQYy8yLE2KCps0zGQOSTdoXDAuISDYWm6hw2Ie05mOLTzBj15qfH1DN9/wCiHYrjwZSe5rOG+0TjAqNkQBmbr4kH6ItuJDzmEwDus/gaMAmLq5wgkCNDsuSebS9hawypWDilo1o2Tq2G7uYSCLnwCCDwt4ZFJWaRepBf6rouQHaf5lyoZbVXvLoyhtt+Xklquf2YI25Mgep1TBxKPdeJiBDTCSrjakR3zobyAszcdQoF4h7ndNmhA8Swga/IRAOhLo9FY4TiLyMrw3KTawJHhqk4k0lxD+8IsS20RsrTIkja/wCGVBowTu7Gao6bzMZW6q/xHARGYNB+BWY/w1xwDamHLhZ2Ztos4QfiPivQqdQQAdreK4ckU5Oy7pHkfH2Btd5Fu9Maa7QVQYzF1WVGvz+9bTloCCvW/bf2fFemHUx/xGAwP4m6lvjuF5VxXDEsNNzSHDYiCDPLaFlC8U6fDMVceArhmNe6p2zGknLBIFxO5mw035Kyb+qqyTVhs3hveE6nXYGVluAY0sJp1QO6R72hHP7reUame1BrnMdTDqjGy73XEG8TAaRpz1Xfp9G8ZJop2tqUapF3tuW5pJe7RoA5n6J+A4ZDzUrv747zQDmJdJMG2gHX1RbsU01KZcWtItJEk83EaGAVUcY4gX1slKpOWGyQRJN7AaeaAbIG4Vgq1CS7tmt7ot3w4wGADQkTtqheGta3FBlUEECAI0O4dO4GlirjBYmnQcSKTnVi0F1RxJnmQNumkDmqXi2Ja/EMcPfaZdcW13k69b3R+if2aTE8SptL6mjW03U7mYNoJE93fyPgq7iGMaABlk2LRexb06k/BE1+J0SGM7MG8kHTOTNyDpN4BCpnuY2pDzDQ0gloEyRDWyQbeAm+qTVlJlZWxBpucXN9/wB4Tdv5Cq61TLDhqTIG0beeilxJseXI7E/NAOAiZt1PIKoowm9x+NrOguMAO2HKV3Csc2m4Ek87c9gmYbh1WsJENadyfotDwj2MDyDUrACP2t+pP0TeTHH8W9zLXuV+Ka6vVcaYBMSSbRNgCdLnQeKqH1HNkEHNcRyO9l6fxX2ebRwwbh2uMOzOIuXFoGp33VF7WcFp5qddh7tVuYkA+8AAehkEbbFZrKk6a2G5alZkMNg31TJVrheEEwBrOhsPVWOGw0NHfHmI+aMpYd4glwcNwCJWWTNN8GdkbcNUo5hkbYC8TJO0+CMw4aB7oB11gXUdYgOJDjlGoO3jeyf/ALRLRs5vM6jz+6zStEheHe28s6SZOu4uqXGUezfDgR/CeY5q5wVRriLz1OgnxVd7UcTa9wpNg5Ccx5u0gdAPn0W+Fu9i8b3AM45rkHA6eq5dBuWtOplflEO8e7PTYyjO3DiTkp9BdxG13EqpqvYSLGZG39NPJWlItLc3ZkkC8vaB4wADbwhSzVEZEOkueGjUDT5QrDD4ygyQRUg6h1wesyq/Mz/+jhOuQ+EXACkpljbgPdyzkgHme86ClZTQfhqxpVG1aLmlm+VoBg6tJF5Xp3DeKB7QZ1Fxv4ry4VXuaRlAA5EWHi0RHmncO412Byky2dR+2eXRc+WLf5R5NIpNUz2KljGmxMyN7FCcS4RRxA/4lNrriHSQ4DoQFmcJxogDM3NI94QZGxCtMLxxsd4Et5jb+YbLnjnT+4T6d+Ci417KU6fu3nQODXW/OqpiXUhlY8Nm0AkbRYOFj1EL0UOZUHdMg6Gx+azvGeFPee6wEHR1gPNVqlF2uCI4ovZ7MxRpkE5w5roiTJgeBVDT4fUFQnPF5tInbUSvW6PDCGjM0ER5Dw5ILFez1IaAAncT8LraOWdbmMoSvZmTwWD7R7n1C6HCLQwAAGwvf0TXcKZOUU233DgdTeRvZaYcIBBIEciS776IStw2JLmyOhiPVDyy8E1kM3xHhXdLA4tBImBv+fJQP4UDAdVfoJs0EkDe2/1V/Xwzp7oMRoXH5qKqwkGaet7u29FPdkTpyGaxXCKZBaXPNgZkctIhV2K4IzJ3S4nnPjAiFp6lEhxJb3LWnvWHOFLWp04b2bCI1l0yJ2gWQs0l5F28jKHhXDiym0S4jwFp2jZazhLgxp/hDTJI5XVdxLGGW9mBTYAABu47ucdyfgg6r6j/AHnnLyFh6DVZTbk7KXSye7NBxnjYNE02OBLhEDYaH4LP0uIlrDSewPpn9pnXm06gqKmyCmvaJVV7OiOJQVCVWsd7gyjkbwehUrKoYLSTtoB9z8EM+oAq3HcUa0dVag5bIh4ocsNxfEiJc4n79I3VYOMVDoGgcss25GdVVVcQ57pPkOSlpVSNl1QwRitzKVPwWD8e4CGSAdenghwdSnU3dQng9Z8tPLdaKKjwJKhmZ/L4LkvanouTGXFbBuOjmRa2ZoP/AG6lWGCAaNXExoMob5Ed4+irqTzoMgnYmZ5akRuim4d5M5W20Lb+WoB81kdOxa/qqhiGgeDW/ElpPqmUq5c4yWNMXIbTJPOSGuM+QS0GnKM7gCdRqL6mJNtBYjwSYms1hhhMnm0ZfLO4nadDqkLgTHY2QGNAPM5Rfyj6BVrgd8t/8rQjKb2/uMnpMfEADylSBrdctuuvopZcSPA46pSHd93dpu3nbSPirXAcfZUOV7cj75YMB08zsbb/ANFTV6sxZv8A2j6qMs/NNt40WUscZ8o1UnHhmvbXc24Jnk2b7zI139EYOPublBktt8jYbLBsrlggPc3kAbehkFLQ4rUFnZagnlB56jTe0LmfTNcM17kZco9F/wB4SdQeW0jxO+iKPEqbjB11vpfbqvN3e0MmHUy2ACMoBbyvMHToiqPGKW7n3AAhhAG0mNeSnt5UDhjPRGYunkzzbnI1VXi8cx0gGVj8ZxmkAYqe6I1PMaD7odnEWmXZxp3TbW2+ipdwjtQ9msbWDt4t+BQVKgcDf8FpWV/XEGA5pgX03PNLV4lAu5vrJvMz9uqf5h24+zRVMuX6nfZBYiqA0xrv4fgVHU4tYd5tuthyKEq8WNu8JNrXtr5rRRkyNMV5Lqu3NExqPohsTWDTlkHwVM7iDiYbnNr2I9JiNUwsrGYpm+k/SE1ifkNUS0fiWR+Qq/F8UAPTmhHYGufegTO4n1JSf7GOpv1LgfqtljiuWZuXoDxfEXPsEOyk4lWo4cROg+s8rKVmFuLiT0da38q21qOyMXFvkqxQ/JlSCh0Vm3B+Pp91KzCAbnwiLfeEu4LtlXTYRsjKJdyFo9OVkUcOAcp1BOnp9FJ2cQIuY10Hh5ny+RqsNAFDOTf/ADXI/wDT/wCQen9FyNY9BY0eHFkkh23vGPhuDfZMrVIkEhvQENA8AZf8kdXrUhacx/yk/wDsRPkIVDWLnu7jR4gHfm6/zT/sr+h9WuHAnPB2kOJ6QSbHzj4qKm3TPcbfxR0nbxsuOGjVwB1JEk/BPpgDcyTrGviVLfoej2WGEo7gW5zf+n5dHkDQeeiq8OS03/urWk4ltoCjkvZcA7m8h+dUNXDt/irAU9fM8k11Pl/dMmypy/gsoYvqrd4On91A9xiAT1jbwunQ1IBqgAWmfhPkrDhlGm3vPMOB/hDjMxEEjbrsEuDBF5dy96PwyiWOfMtc6BpL3GCDqeaVBqDm4sim8FsnNaGZYGnM9635CrWY585ZcL2JGjT059Lqeqau7zHKbeM/1QlU1J989O8fCFVmbQ2s/wDiBcP4g2B8BcqM4QO1p5jI/bYWnwhT4ei9sGpYb5rztEE9VA+o8R0kCAL+IA5fVD3GnSJsNgyRcNpcj7ojSdANxpyQdaGOOYBxk6FzoG5MH5Fc+kSMziTqRLRe995SjD5oAa4n+T8sk2CH8Mw2fOSAY6xuSYE/5UbVwI8/P8lT8E4dDXZ4ERAL2yIzazpN1Zfp2zq3nNyJ5C0LmyPc6IcGZdgBF/Hrrt6FdSwAPmdOZ6dVqsThmwCJJiC0iJ6k3t9kLRwudzhYchoYHLwSTAzdbh2V0Ef2+v8AQp4wIMWIM67bi3PZaLEYIkExcb3HgR4x8ELUwz+6TJkanncj4iPNWidin/TAiw/p0jknnDjYweo05q9pYYXIAI1k7Tz6X+SgqUBPugFpvcXEa9FVMVoqBTgzFxpJm97nmuNEG83gHWdQSNFa/ozME6iZtofD6Jz8GI/bJI2E66ApiKv9O3kfh91ytsj+TPj9lyNwKr/4D4H5qTg/unw/0lIuW8iIAZ1HiUylr5rlyyfk0fgKZ7yNbp6fRcuQiHyOO3gUTT08x8wuXJiAKuv51UO35zXLkwJaOiIwvuDwSrkmCJ6vuM/NwgqXv/8ASfkuXI8CZ2K/5Pk75hA4L3T4hcuR4AuuB6H+ZvyKA4h/zmfzfZcuVojyT+zejv5h/qVvhP2eP3XLlxZPsdcPqH1v9Z/9Sgh7zP5h8guXIiJnO99vh9kJif2/n7gkXLUlDOH6n/6x/qSt953g35uSrlaICKfueT/mFA33T5/NcuS8lBq5cuTEf//Z',1,200,199);
INSERT INTO `productos` VALUES (5,_binary 'Hambaga',_binary 'SKU de hambaga',_binary '200.20',_binary 'detalles de hambaga',_binary '/9j/4AAQSkZJRgABAQAAAQABAAD/2wCEAAkGBxISEhUSEhMWFRUWFxcYFhYXFRgYGBUYFxgXFxgWFxgYHSggGBolGxUXITEiJSkrLi4uGB8zODMtNygtLisBCgoKDg0OGxAQGy0lICUtLS0tLS0tLS0tLS0tLS0tLS0tLS0tLS0tLS0tLS0tLS0tLS0tLS0tLS0tLS0tLS0tLf/AABEIAOEA4QMBIgACEQEDEQH/xAAbAAABBQEBAAAAAAAAAAAAAAAEAQIDBQYAB//EAEEQAAEDAgQDBQcCBAMIAwEAAAEAAhEDIQQSMUEFUWETInGBkQYyobHB0fAUQlJy4fEHYsIVFiMzgpKiskNz0lP/xAAaAQADAQEBAQAAAAAAAAAAAAAAAQIDBAUG/8QAJxEAAgIBAwQCAgMBAAAAAAAAAAECEQMSITEEE0FRFDIiYQVxkcH/2gAMAwEAAhEDEQA/AM6uhMBTwVwHcL2YXGiE4FOBSAHdhQozgQjQllOworX8NHJDVOFjkruV0J6mJxRm38KHJQP4QOS1RYk7EJ9xk9tGPfwhQO4UQtqcOFG7CBWsrJeJGJdgXDZMNBw2W0dgQoXcPHJUsxDwmOLei4LVVOGDkhqnCRyVd1B22jPEqN5V3U4QhKvCXbKlNCcWVBElEUmKY8NeE9tBw1Cq0yNzmMUoaualLkBZzgoXqRz1C9yYmxpKVrlGSkBQInzpj3JkpYTAZK5OhckBvCFynNJMdSXAd5HmTgUhplKGIAdK6UoauyoATMnhyZCUBAEgKdKjXIAklIUxLKAHBOUeZKHIAcQmlg5JcyWUARGiEx2FCIlcEWFAbsCFE7h45KyXJ2KkU7+GjkhqvChyWgKQgKlkZLgjKVeEckJU4Y5bQ0gonYYKllZDxIxD8A8bKI4dw2W4dgQoXcPHJWsxLwmMyncJSta/hg5IapwgHZWsqIeJmZhctB/sQckqfdQtDNaGpTTCm7JcWLhs7QY0UnYoiEqLAF7JJ2SMyrsiLAB7JIaaONNMNNOwA8iTKizTTTTQAKQkhEmmmmmgCCF0KbImlqBEaaSpMqQtQAyVwcnQlhMBoenh6blSwgB2ZJKYUiAJJTgobpMxQAWFxCF7Qru1KBBGVL2YUArJzcQmBL2YSpnbrkBRbGu3mmms1Zhtdx3UnanmUaSjQue1QuqtCrKGY7ot1EEao0ism/UNXHEtVRWw5BsUK9xG6Wkdmg/VNXHFNVExx5qPI95hkn5eqTSW7Gk26RoP1LVxxLVU0uG1IlziPD7qYYA/l1hLqca8m8elyMO/UtTTiW80C7Bn8KaMIVPyoF/Dl7DjiGpDVagv0Zi0+n1lMdhDy+qPkxD4j9lk0g6LiAqt2FKQUSNJFtU/kRF8V+y1yJpAVK+gR5qB9B3X1VrMmS+ma8mggJpKzJpu5mfEporVRo93rPzWimmZvFJGozBKQs5S4lUGpB8RHyVphON0jZ4LDz1b6hWqZk014Dg1IWqdrmuEtII5gyh3NKbjRKdnZUrqO6R9WE8V5CFEGyAsCeykElNklT1KJAsih2J2QXJOydzXJUFlVREFG0mNK5wapoaGyrqwsWrVa0WQFTFnZdVcNUK/EAJUMIFZx1umVHDdRsxEq99n+CmqRUeO7MNB/cfsFnkmoR1MuEHJ0hnCODuqw58huw3I5nkFoP0bGCA0Tt+bKzDS2coknT82CjZg3GTNxryt1Xi9Rmnlf/D0McYwQBWbaNuSGOHHhyurn9JvtrPIc55pzMIJ0Np6W2K5Uma9xIof0wulZg5Gl/HbwV03CgcvDw26ofGPyCGjXfcLeEG+QeS+CrpUdYsOX3UbqAm+/Tmei0b8O0j8mY6IN9GDa2nTy+K1hjvcl5CnOBm4trEmDb6qOrgHeI8j8NtFcYiiCDa/Pmo+H1MwdNrx6WWygkTrZncSwNFxJ0G0bKOhhhUBuA7rZW+NoX2jkQqynSyn8/OSpbBdgdfBObqEFiMMW6jXzV9imgtG538eXwUFOjmhlr2n0sqUmhNGbfTUURorPEMjWyjqUBtaVvGZjKFgVGoWmWktPMfUbq6wHFwe7VsdnbHx5KqqUYKXsrLeM7OWcKNA+9lLRpgIDhVUDumS20GD3Sf2norXsjyW6MGDkwVJ+pUj6R5KEYYyigH/AKpcn/pCuSoLMt+pcUQcYS2FCKNkopFKzTSMzuTuzO6kpUXO2R1PBndJsaQnCuFPrPDG6nU8huV6lQwgZkptkBjYA5AdfElUf+HnDpe952ho/wDY/ILX16YD3HpA+K83qm5P9I3xuito0xAgXjX88lI/Dm3T58z+ckbhsP4REnxRNNkkk/2XNHFa3Llkoqv05JkmfLzAjlZK3DanncDmrKnSuYOhXOoKlh8i7hTYsBjXPdsD+dFTYagarmuM5DeVf8bphzOyiS8xHzd5fZPZhw0BoFgPoUtLNIzpfsBxMX8rjn+T6IPJujq7bnwBEfnmhiCGi1p15z8kJUNMr8SDFuX3QWCpGSdJt566eCtazfz7fBQBlwNPlaytb8lWVuOHeHxHWB91A+nMDp8TItG6sX0g7XfQqJ7LjeL8v7eKFY7Kl86mJERyjU/MW6pcNRmqAfd32hE1qQkjxTA2TMn1/NlVsPBUYykXZnOhozTA25D1S08NnZmG356fdS8SPRG8Koxmpu5ctwqvYlszlWiPiowwiNbK0xuH2/t5IUgXhdEGc0xr2Z2ATBn0P2sFqOD1s9Jrj72jvEWKy1uf50Vv7L1u+9h0IzDxGvwPwXZGRyyRd1olS02BPqUwUtOArMx2QJUiVMRkMNgQ7Uo1uDaEPQIF5VnkETKwbOpEAptGgTCUQQFG8HkpY1R6B7FYcU8O2p/GXH1t8grDFwCXRYRboZXlzMdVp+69zRykx6J59oqjvf743uQubJhk+ClyegVeNtpiSWjpPLlCrcR7TOYZDSZ2yHnsZ6ql9muzr14DTZpdBMi0fdej4PhDCACBEan7LFYM0paUaPJigraPOKn+JDGFwLXEiZGXrpeE+l/ihQJaCyJ52APUnT5LZ8R9h8LXBL6LSSPeiDH82o8lmMd/hJhzdhe0zPvZh4EHULojgaX5Jld7p5eKCG+09IONao1zQGgCAHQNSQQfpySf764F5IbWbm0BILR6uCDq+x9VtMU8zcgkaEeh5LK4j2DrNuMjjOgJiPMLJKPEjVQxS3s3mFqNd3g5rp3BB18PBR4xxDmt2JjyuvMXeztdjoNNzDO1wRzBarOmMU3StVOW8EueP/OYCbwRq1Ih7M3GJYEJUINtbH0grN4X2jxQMPpMc3ndrvS4+CJHtHeBSMmwFjr1UPDJCUi5IED5+ZsonNE/noq41HgjNLtSGtIv66+C48Sg+462xEeqnS/RYRUp3A3J+aZTp92eenh9Ex3FGudmIM8ojxuENiPaGiJBt0yu+Fk1FktsmZgQ94P7RLjy7t4TqZDXknn63VXR9oMK2QXkyCIDX/8A5/IQGK9p6Gb/AOS3+XXlrC2WGXhGLyL2H4z3jfwQNQaqurcfYYhjvMgfdSNxz9eytv3p89FqoSXgiUkxagR/AiRXZ5j/AMSqk4k6ljo8NFb+z+Y1WvyEBpMztIK0inZnJ7GvbK7KpKdQFSAABdBgC50iknouRYGAoYvYq1wlUubc6KhAaDqj6FVrbTqspKzpTotKdW6mOKLbygS5vNQOqAnVKh2WNfHAhQ4HDurOysYXHpoOpOygwOH7WqymP3OANtBNyvSKWGbQaGMa0DeBr1PNROdFRjfBU8E4BVo1BUbVDXRBaBIIOxnb0W7w3EXNb3gP+n6A/dZf9aGuIcYbsbnyiNUfQ4th3NaRUBzRA3EmJIOl+a545MurYrJiSW6ND/vNRAhxLejmkfGI+KIbxejUb3HMd0Dgfgs5iRh3WL2T1doq2gKLswa0vaDDnADJI2zGxPhzWy6vItpJGXxoNWrNo+owBsW0kbHnI3Wd4kWNcQ0yNunRQ4bsWzAItFjl80JjsICCWOcOcun6LDLk7tJJI0x41B7skJB6BOe2mGjeVSDtGkNzuE31H1CWpUfBh4m4GZgifJXj/GOmSsco72mG9iwzIHL7IM4RkkwLdFnHcT4i14aaNF7ZF25hbmO99EQeJ4h2lNjQdnZs0eAK07cEFTJ8XhwSDbW1lYds1jM1RmZu5/cI5Ksiq9ogMB2F7nkCTCHoVqzxUp5gdQZAIHUQs5QT+pV+y6p0qFZuag4PG4/c3oRqFW8R4CxwiFnhw2tReHMeQ6bFtv7jotBQ45YdtLag/e0S0/zNFx5BT22uGGoyWO4XVw7w+nBym4Is4cro19HD4xh7uSoNRHeadvFq17qVOsC9plrtDtyVJxDgI95stcNCLR+ctF1YnJLc5sji3sYPE4M0nljvI8xzCuOAcU7Ihj70zz1b18EVxtzjRc2rTmo2Cx7Rre8ja3iFm8HVkgLVkLc9FLABMAg6fdKHu5Kh4NxOCKTtP2nkf4fBaNlcbpolk3bEAWTamK0uom4kHdNq1gSLIEE/qEig7QckiVDMRkTiO9OwU2MwpYbPnwQ4aP4lekrUECqQeYVxwWgKlQktIDW5hItP7fEFV3CMCar4k5B77hHdHNayqBAg90ANB6DRcnUZFH8VyRPLXAHhqjw4kQCbTF0bxDidVuXO6QIGYe95jdNZS3HqhOJHukFeenXDL6PqO1lTluvJd8P42ALvHmJvzIgpBgqDnmoC3OTJyvAJP8j/AKNWUdwvENa1waXAibHvRt3dZuhDjajfeB8wQtNM0fUx6bFl3xyR6BhOGUy7NUqVJkGCyxjQEt28gr8OYBka5oFzER46rydvE3Ab+UhNxftDWc4kPcP+ox6JxV7UYz/jZyf2PSuIYZzBmbfx0VZQ44Kbw2qxwE3IvbeFgXcfxER2hjlDfso2caqj9w/7W/QLSMEnZD/j51TaPVK3FMK6SDI2zNIMfJU3E+O4djstJpdzJDmCeQ1WCdxqr/EhMRjnO1P0Wjt8ER/j1H7M3P8At2jAkPE7SCBO8z+ckNW4tTNgHDxbBKwp4kW6O8tU+lxJ4AOTuzEyY5nmNFooSMpwwQf2Ndi8YbFkmDI/qPVQ4PjfZaUfEtNz1IhUVDiu5BA1209b6FFHiNEmzxcbiP6fFLS14MZLG/KLyp7Q0sl2OzTN+v8AdBYriNJzJJLTMRE+akp1czAe6elojX5FQVcTSbIzsZ4kKkkc8lXAXhcT2YD6VQXEuGxi3ead+quOH8cp1u5YP/hnX+U7+CyuIxNE3NQOnlt5yqGtjG5z2ZJjRwmAeYK0S9HPJbWz0bFUWuVNieC0nG7b8xY/BVuD9qyQO2bcAA1Gx3tpLefgfJXuE4hTqjMxwcN428RsqX7MX+ihxeAcwyNJ9FosBXa9gLozCx8QkqgFV8Q6AVSQtVhzjJsLBTU3TaEFSrRYpaFcHROh2HQFyD7YLkhjcJgWAwWTI8UPU4Iwgk5h4BTUq7WkiSTsZhWrsfTDMjg6D+4XummNxMtw3E/pahJDixwLXDQwdx1/qrythqjKhY0Fw2gG4mx6bKo4zRzaGdxrcdEOeJ4gCm2o52SmRA0JDTpmFzawnRc/UdN3GpRM2rNHhcWCe9tZV/tFUd3Ws380XSwTsS01qPukkEOMlpBNjlB1bB890uF4ZUBDi5hjSMxt4xY9PiFwQjp+3ItHksaWIqGkx+UNqGztACRY/wApsDA6WVjxDB0oqZmNe4tIkNi9oGgidZsgsK+k1xpmZAzQ42Djc6Dw1nfZHN4m5oc2WguADiBJOYEZhezuXguzHNSjZ1xm2k0Zet7OA13Ug6p3YsNTMRmBHO3mqriPAKjBVDZL2OiIAA7ocRMd4xePBbnhGCH6kB1Y1DUygXPaQJmZnKQY8fJTv4a9jn1C15pF5uTlLiDlBG5JAFovB01WkN1bRvLqJxdRk/8AWeYt4JiADnOW0tlkguiQyWyAfHkosFw98uNYENa3T3TJ92Zv6eOi9Yx+HYGn/iS1pa7IYc5xgvIENFpc4b3+OdxbBWaKgLWkDvNyxmIMsHLNLZ03hXSQvlZWuX/rPM3NqRBlp25nwT6OBzPyPcZiRe87i+602Fu4UntOZgJaADLzq3yFvRV+IwD24hhkXGliRaTMeNpTUjKU5S5bGYrgdV1MQAI17wP7XOFgLDKCYN+fWF1QOptD5zCAIBEgAQO9qbm9vc3m2/w739k1uUEElxzC8NvmzCxaLAePNB1eGMc5jwA41TlAgECxzPGthf8A7U9dk3W5hsTQ7N5qZ2kNggB05g7YOiDG+ngmVR2hpw3/AJhyAD+KQIEnW7eWvmrPG4Rr3P8A8pMCwManTUj82VdRw0lrS4XBc2CNZg6aGyalHkiTfBDUxOZhDvfbDZNyQMseYgjWNPPqXDSaYcAZJjaD16XOkeamfQaNRcdet/X6hXPC8T2jOzbbpO5gT8Am5+iEtzODCggQLXufUfJF4CnlB8CfQf1RXEMO6k99LTL3dQYy8yLE2KCps0zGQOSTdoXDAuISDYWm6hw2Ie05mOLTzBj15qfH1DN9/wCiHYrjwZSe5rOG+0TjAqNkQBmbr4kH6ItuJDzmEwDus/gaMAmLq5wgkCNDsuSebS9hawypWDilo1o2Tq2G7uYSCLnwCCDwt4ZFJWaRepBf6rouQHaf5lyoZbVXvLoyhtt+Xklquf2YI25Mgep1TBxKPdeJiBDTCSrjakR3zobyAszcdQoF4h7ndNmhA8Swga/IRAOhLo9FY4TiLyMrw3KTawJHhqk4k0lxD+8IsS20RsrTIkja/wCGVBowTu7Gao6bzMZW6q/xHARGYNB+BWY/w1xwDamHLhZ2Ztos4QfiPivQqdQQAdreK4ckU5Oy7pHkfH2Btd5Fu9Maa7QVQYzF1WVGvz+9bTloCCvW/bf2fFemHUx/xGAwP4m6lvjuF5VxXDEsNNzSHDYiCDPLaFlC8U6fDMVceArhmNe6p2zGknLBIFxO5mw035Kyb+qqyTVhs3hveE6nXYGVluAY0sJp1QO6R72hHP7reUame1BrnMdTDqjGy73XEG8TAaRpz1Xfp9G8ZJop2tqUapF3tuW5pJe7RoA5n6J+A4ZDzUrv747zQDmJdJMG2gHX1RbsU01KZcWtItJEk83EaGAVUcY4gX1slKpOWGyQRJN7AaeaAbIG4Vgq1CS7tmt7ot3w4wGADQkTtqheGta3FBlUEECAI0O4dO4GlirjBYmnQcSKTnVi0F1RxJnmQNumkDmqXi2Ja/EMcPfaZdcW13k69b3R+if2aTE8SptL6mjW03U7mYNoJE93fyPgq7iGMaABlk2LRexb06k/BE1+J0SGM7MG8kHTOTNyDpN4BCpnuY2pDzDQ0gloEyRDWyQbeAm+qTVlJlZWxBpucXN9/wB4Tdv5Cq61TLDhqTIG0beeilxJseXI7E/NAOAiZt1PIKoowm9x+NrOguMAO2HKV3Csc2m4Ek87c9gmYbh1WsJENadyfotDwj2MDyDUrACP2t+pP0TeTHH8W9zLXuV+Ka6vVcaYBMSSbRNgCdLnQeKqH1HNkEHNcRyO9l6fxX2ebRwwbh2uMOzOIuXFoGp33VF7WcFp5qddh7tVuYkA+8AAehkEbbFZrKk6a2G5alZkMNg31TJVrheEEwBrOhsPVWOGw0NHfHmI+aMpYd4glwcNwCJWWTNN8GdkbcNUo5hkbYC8TJO0+CMw4aB7oB11gXUdYgOJDjlGoO3jeyf/ALRLRs5vM6jz+6zStEheHe28s6SZOu4uqXGUezfDgR/CeY5q5wVRriLz1OgnxVd7UcTa9wpNg5Ccx5u0gdAPn0W+Fu9i8b3AM45rkHA6eq5dBuWtOplflEO8e7PTYyjO3DiTkp9BdxG13EqpqvYSLGZG39NPJWlItLc3ZkkC8vaB4wADbwhSzVEZEOkueGjUDT5QrDD4ygyQRUg6h1wesyq/Mz/+jhOuQ+EXACkpljbgPdyzkgHme86ClZTQfhqxpVG1aLmlm+VoBg6tJF5Xp3DeKB7QZ1Fxv4ry4VXuaRlAA5EWHi0RHmncO412Byky2dR+2eXRc+WLf5R5NIpNUz2KljGmxMyN7FCcS4RRxA/4lNrriHSQ4DoQFmcJxogDM3NI94QZGxCtMLxxsd4Et5jb+YbLnjnT+4T6d+Ci417KU6fu3nQODXW/OqpiXUhlY8Nm0AkbRYOFj1EL0UOZUHdMg6Gx+azvGeFPee6wEHR1gPNVqlF2uCI4ovZ7MxRpkE5w5roiTJgeBVDT4fUFQnPF5tInbUSvW6PDCGjM0ER5Dw5ILFez1IaAAncT8LraOWdbmMoSvZmTwWD7R7n1C6HCLQwAAGwvf0TXcKZOUU233DgdTeRvZaYcIBBIEciS776IStw2JLmyOhiPVDyy8E1kM3xHhXdLA4tBImBv+fJQP4UDAdVfoJs0EkDe2/1V/Xwzp7oMRoXH5qKqwkGaet7u29FPdkTpyGaxXCKZBaXPNgZkctIhV2K4IzJ3S4nnPjAiFp6lEhxJb3LWnvWHOFLWp04b2bCI1l0yJ2gWQs0l5F28jKHhXDiym0S4jwFp2jZazhLgxp/hDTJI5XVdxLGGW9mBTYAABu47ucdyfgg6r6j/AHnnLyFh6DVZTbk7KXSye7NBxnjYNE02OBLhEDYaH4LP0uIlrDSewPpn9pnXm06gqKmyCmvaJVV7OiOJQVCVWsd7gyjkbwehUrKoYLSTtoB9z8EM+oAq3HcUa0dVag5bIh4ocsNxfEiJc4n79I3VYOMVDoGgcss25GdVVVcQ57pPkOSlpVSNl1QwRitzKVPwWD8e4CGSAdenghwdSnU3dQng9Z8tPLdaKKjwJKhmZ/L4LkvanouTGXFbBuOjmRa2ZoP/AG6lWGCAaNXExoMob5Ed4+irqTzoMgnYmZ5akRuim4d5M5W20Lb+WoB81kdOxa/qqhiGgeDW/ElpPqmUq5c4yWNMXIbTJPOSGuM+QS0GnKM7gCdRqL6mJNtBYjwSYms1hhhMnm0ZfLO4nadDqkLgTHY2QGNAPM5Rfyj6BVrgd8t/8rQjKb2/uMnpMfEADylSBrdctuuvopZcSPA46pSHd93dpu3nbSPirXAcfZUOV7cj75YMB08zsbb/ANFTV6sxZv8A2j6qMs/NNt40WUscZ8o1UnHhmvbXc24Jnk2b7zI139EYOPublBktt8jYbLBsrlggPc3kAbehkFLQ4rUFnZagnlB56jTe0LmfTNcM17kZco9F/wB4SdQeW0jxO+iKPEqbjB11vpfbqvN3e0MmHUy2ACMoBbyvMHToiqPGKW7n3AAhhAG0mNeSnt5UDhjPRGYunkzzbnI1VXi8cx0gGVj8ZxmkAYqe6I1PMaD7odnEWmXZxp3TbW2+ipdwjtQ9msbWDt4t+BQVKgcDf8FpWV/XEGA5pgX03PNLV4lAu5vrJvMz9uqf5h24+zRVMuX6nfZBYiqA0xrv4fgVHU4tYd5tuthyKEq8WNu8JNrXtr5rRRkyNMV5Lqu3NExqPohsTWDTlkHwVM7iDiYbnNr2I9JiNUwsrGYpm+k/SE1ifkNUS0fiWR+Qq/F8UAPTmhHYGufegTO4n1JSf7GOpv1LgfqtljiuWZuXoDxfEXPsEOyk4lWo4cROg+s8rKVmFuLiT0da38q21qOyMXFvkqxQ/JlSCh0Vm3B+Pp91KzCAbnwiLfeEu4LtlXTYRsjKJdyFo9OVkUcOAcp1BOnp9FJ2cQIuY10Hh5ny+RqsNAFDOTf/ADXI/wDT/wCQen9FyNY9BY0eHFkkh23vGPhuDfZMrVIkEhvQENA8AZf8kdXrUhacx/yk/wDsRPkIVDWLnu7jR4gHfm6/zT/sr+h9WuHAnPB2kOJ6QSbHzj4qKm3TPcbfxR0nbxsuOGjVwB1JEk/BPpgDcyTrGviVLfoej2WGEo7gW5zf+n5dHkDQeeiq8OS03/urWk4ltoCjkvZcA7m8h+dUNXDt/irAU9fM8k11Pl/dMmypy/gsoYvqrd4On91A9xiAT1jbwunQ1IBqgAWmfhPkrDhlGm3vPMOB/hDjMxEEjbrsEuDBF5dy96PwyiWOfMtc6BpL3GCDqeaVBqDm4sim8FsnNaGZYGnM9635CrWY585ZcL2JGjT059Lqeqau7zHKbeM/1QlU1J989O8fCFVmbQ2s/wDiBcP4g2B8BcqM4QO1p5jI/bYWnwhT4ei9sGpYb5rztEE9VA+o8R0kCAL+IA5fVD3GnSJsNgyRcNpcj7ojSdANxpyQdaGOOYBxk6FzoG5MH5Fc+kSMziTqRLRe995SjD5oAa4n+T8sk2CH8Mw2fOSAY6xuSYE/5UbVwI8/P8lT8E4dDXZ4ERAL2yIzazpN1Zfp2zq3nNyJ5C0LmyPc6IcGZdgBF/Hrrt6FdSwAPmdOZ6dVqsThmwCJJiC0iJ6k3t9kLRwudzhYchoYHLwSTAzdbh2V0Ef2+v8AQp4wIMWIM67bi3PZaLEYIkExcb3HgR4x8ELUwz+6TJkanncj4iPNWidin/TAiw/p0jknnDjYweo05q9pYYXIAI1k7Tz6X+SgqUBPugFpvcXEa9FVMVoqBTgzFxpJm97nmuNEG83gHWdQSNFa/ozME6iZtofD6Jz8GI/bJI2E66ApiKv9O3kfh91ytsj+TPj9lyNwKr/4D4H5qTg/unw/0lIuW8iIAZ1HiUylr5rlyyfk0fgKZ7yNbp6fRcuQiHyOO3gUTT08x8wuXJiAKuv51UO35zXLkwJaOiIwvuDwSrkmCJ6vuM/NwgqXv/8ASfkuXI8CZ2K/5Pk75hA4L3T4hcuR4AuuB6H+ZvyKA4h/zmfzfZcuVojyT+zejv5h/qVvhP2eP3XLlxZPsdcPqH1v9Z/9Sgh7zP5h8guXIiJnO99vh9kJif2/n7gkXLUlDOH6n/6x/qSt953g35uSrlaICKfueT/mFA33T5/NcuS8lBq5cuTEf//Z',1,200,199);
INSERT INTO `productos` VALUES (6,_binary 'Hambaga',_binary 'SKU de hambaga',_binary '200.20',_binary 'detalles de hambaga',_binary '/9j/4AAQSkZJRgABAQAAAQABAAD/2wCEAAkGBxISEhUSEhMWFRUWFxcYFhYXFRgYGBUYFxgXFxgWFxgYHSggGBolGxUXITEiJSkrLi4uGB8zODMtNygtLisBCgoKDg0OGxAQGy0lICUtLS0tLS0tLS0tLS0tLS0tLS0tLS0tLS0tLS0tLS0tLS0tLS0tLS0tLS0tLS0tLS0tLf/AABEIAOEA4QMBIgACEQEDEQH/xAAbAAABBQEBAAAAAAAAAAAAAAAEAQIDBQYAB//EAEEQAAEDAgQDBQcCBAMIAwEAAAEAAhEDIQQSMUEFUWETInGBkQYyobHB0fAUQlJy4fEHYsIVFiMzgpKiskNz0lP/xAAaAQADAQEBAQAAAAAAAAAAAAAAAQIDBAUG/8QAJxEAAgIBAwQCAgMBAAAAAAAAAAECEQMSITEEE0FRFDIiYQVxkcH/2gAMAwEAAhEDEQA/AM6uhMBTwVwHcL2YXGiE4FOBSAHdhQozgQjQllOworX8NHJDVOFjkruV0J6mJxRm38KHJQP4QOS1RYk7EJ9xk9tGPfwhQO4UQtqcOFG7CBWsrJeJGJdgXDZMNBw2W0dgQoXcPHJUsxDwmOLei4LVVOGDkhqnCRyVd1B22jPEqN5V3U4QhKvCXbKlNCcWVBElEUmKY8NeE9tBw1Cq0yNzmMUoaualLkBZzgoXqRz1C9yYmxpKVrlGSkBQInzpj3JkpYTAZK5OhckBvCFynNJMdSXAd5HmTgUhplKGIAdK6UoauyoATMnhyZCUBAEgKdKjXIAklIUxLKAHBOUeZKHIAcQmlg5JcyWUARGiEx2FCIlcEWFAbsCFE7h45KyXJ2KkU7+GjkhqvChyWgKQgKlkZLgjKVeEckJU4Y5bQ0gonYYKllZDxIxD8A8bKI4dw2W4dgQoXcPHJWsxLwmMyncJSta/hg5IapwgHZWsqIeJmZhctB/sQckqfdQtDNaGpTTCm7JcWLhs7QY0UnYoiEqLAF7JJ2SMyrsiLAB7JIaaONNMNNOwA8iTKizTTTTQAKQkhEmmmmmgCCF0KbImlqBEaaSpMqQtQAyVwcnQlhMBoenh6blSwgB2ZJKYUiAJJTgobpMxQAWFxCF7Qru1KBBGVL2YUArJzcQmBL2YSpnbrkBRbGu3mmms1Zhtdx3UnanmUaSjQue1QuqtCrKGY7ot1EEao0ism/UNXHEtVRWw5BsUK9xG6Wkdmg/VNXHFNVExx5qPI95hkn5eqTSW7Gk26RoP1LVxxLVU0uG1IlziPD7qYYA/l1hLqca8m8elyMO/UtTTiW80C7Bn8KaMIVPyoF/Dl7DjiGpDVagv0Zi0+n1lMdhDy+qPkxD4j9lk0g6LiAqt2FKQUSNJFtU/kRF8V+y1yJpAVK+gR5qB9B3X1VrMmS+ma8mggJpKzJpu5mfEporVRo93rPzWimmZvFJGozBKQs5S4lUGpB8RHyVphON0jZ4LDz1b6hWqZk014Dg1IWqdrmuEtII5gyh3NKbjRKdnZUrqO6R9WE8V5CFEGyAsCeykElNklT1KJAsih2J2QXJOydzXJUFlVREFG0mNK5wapoaGyrqwsWrVa0WQFTFnZdVcNUK/EAJUMIFZx1umVHDdRsxEq99n+CmqRUeO7MNB/cfsFnkmoR1MuEHJ0hnCODuqw58huw3I5nkFoP0bGCA0Tt+bKzDS2coknT82CjZg3GTNxryt1Xi9Rmnlf/D0McYwQBWbaNuSGOHHhyurn9JvtrPIc55pzMIJ0Np6W2K5Uma9xIof0wulZg5Gl/HbwV03CgcvDw26ofGPyCGjXfcLeEG+QeS+CrpUdYsOX3UbqAm+/Tmei0b8O0j8mY6IN9GDa2nTy+K1hjvcl5CnOBm4trEmDb6qOrgHeI8j8NtFcYiiCDa/Pmo+H1MwdNrx6WWygkTrZncSwNFxJ0G0bKOhhhUBuA7rZW+NoX2jkQqynSyn8/OSpbBdgdfBObqEFiMMW6jXzV9imgtG538eXwUFOjmhlr2n0sqUmhNGbfTUURorPEMjWyjqUBtaVvGZjKFgVGoWmWktPMfUbq6wHFwe7VsdnbHx5KqqUYKXsrLeM7OWcKNA+9lLRpgIDhVUDumS20GD3Sf2norXsjyW6MGDkwVJ+pUj6R5KEYYyigH/AKpcn/pCuSoLMt+pcUQcYS2FCKNkopFKzTSMzuTuzO6kpUXO2R1PBndJsaQnCuFPrPDG6nU8huV6lQwgZkptkBjYA5AdfElUf+HnDpe952ho/wDY/ILX16YD3HpA+K83qm5P9I3xuito0xAgXjX88lI/Dm3T58z+ckbhsP4REnxRNNkkk/2XNHFa3Llkoqv05JkmfLzAjlZK3DanncDmrKnSuYOhXOoKlh8i7hTYsBjXPdsD+dFTYagarmuM5DeVf8bphzOyiS8xHzd5fZPZhw0BoFgPoUtLNIzpfsBxMX8rjn+T6IPJujq7bnwBEfnmhiCGi1p15z8kJUNMr8SDFuX3QWCpGSdJt566eCtazfz7fBQBlwNPlaytb8lWVuOHeHxHWB91A+nMDp8TItG6sX0g7XfQqJ7LjeL8v7eKFY7Kl86mJERyjU/MW6pcNRmqAfd32hE1qQkjxTA2TMn1/NlVsPBUYykXZnOhozTA25D1S08NnZmG356fdS8SPRG8Koxmpu5ctwqvYlszlWiPiowwiNbK0xuH2/t5IUgXhdEGc0xr2Z2ATBn0P2sFqOD1s9Jrj72jvEWKy1uf50Vv7L1u+9h0IzDxGvwPwXZGRyyRd1olS02BPqUwUtOArMx2QJUiVMRkMNgQ7Uo1uDaEPQIF5VnkETKwbOpEAptGgTCUQQFG8HkpY1R6B7FYcU8O2p/GXH1t8grDFwCXRYRboZXlzMdVp+69zRykx6J59oqjvf743uQubJhk+ClyegVeNtpiSWjpPLlCrcR7TOYZDSZ2yHnsZ6ql9muzr14DTZpdBMi0fdej4PhDCACBEan7LFYM0paUaPJigraPOKn+JDGFwLXEiZGXrpeE+l/ihQJaCyJ52APUnT5LZ8R9h8LXBL6LSSPeiDH82o8lmMd/hJhzdhe0zPvZh4EHULojgaX5Jld7p5eKCG+09IONao1zQGgCAHQNSQQfpySf764F5IbWbm0BILR6uCDq+x9VtMU8zcgkaEeh5LK4j2DrNuMjjOgJiPMLJKPEjVQxS3s3mFqNd3g5rp3BB18PBR4xxDmt2JjyuvMXeztdjoNNzDO1wRzBarOmMU3StVOW8EueP/OYCbwRq1Ih7M3GJYEJUINtbH0grN4X2jxQMPpMc3ndrvS4+CJHtHeBSMmwFjr1UPDJCUi5IED5+ZsonNE/noq41HgjNLtSGtIv66+C48Sg+462xEeqnS/RYRUp3A3J+aZTp92eenh9Ex3FGudmIM8ojxuENiPaGiJBt0yu+Fk1FktsmZgQ94P7RLjy7t4TqZDXknn63VXR9oMK2QXkyCIDX/8A5/IQGK9p6Gb/AOS3+XXlrC2WGXhGLyL2H4z3jfwQNQaqurcfYYhjvMgfdSNxz9eytv3p89FqoSXgiUkxagR/AiRXZ5j/AMSqk4k6ljo8NFb+z+Y1WvyEBpMztIK0inZnJ7GvbK7KpKdQFSAABdBgC50iknouRYGAoYvYq1wlUubc6KhAaDqj6FVrbTqspKzpTotKdW6mOKLbygS5vNQOqAnVKh2WNfHAhQ4HDurOysYXHpoOpOygwOH7WqymP3OANtBNyvSKWGbQaGMa0DeBr1PNROdFRjfBU8E4BVo1BUbVDXRBaBIIOxnb0W7w3EXNb3gP+n6A/dZf9aGuIcYbsbnyiNUfQ4th3NaRUBzRA3EmJIOl+a545MurYrJiSW6ND/vNRAhxLejmkfGI+KIbxejUb3HMd0Dgfgs5iRh3WL2T1doq2gKLswa0vaDDnADJI2zGxPhzWy6vItpJGXxoNWrNo+owBsW0kbHnI3Wd4kWNcQ0yNunRQ4bsWzAItFjl80JjsICCWOcOcun6LDLk7tJJI0x41B7skJB6BOe2mGjeVSDtGkNzuE31H1CWpUfBh4m4GZgifJXj/GOmSsco72mG9iwzIHL7IM4RkkwLdFnHcT4i14aaNF7ZF25hbmO99EQeJ4h2lNjQdnZs0eAK07cEFTJ8XhwSDbW1lYds1jM1RmZu5/cI5Ksiq9ogMB2F7nkCTCHoVqzxUp5gdQZAIHUQs5QT+pV+y6p0qFZuag4PG4/c3oRqFW8R4CxwiFnhw2tReHMeQ6bFtv7jotBQ45YdtLag/e0S0/zNFx5BT22uGGoyWO4XVw7w+nBym4Is4cro19HD4xh7uSoNRHeadvFq17qVOsC9plrtDtyVJxDgI95stcNCLR+ctF1YnJLc5sji3sYPE4M0nljvI8xzCuOAcU7Ihj70zz1b18EVxtzjRc2rTmo2Cx7Rre8ja3iFm8HVkgLVkLc9FLABMAg6fdKHu5Kh4NxOCKTtP2nkf4fBaNlcbpolk3bEAWTamK0uom4kHdNq1gSLIEE/qEig7QckiVDMRkTiO9OwU2MwpYbPnwQ4aP4lekrUECqQeYVxwWgKlQktIDW5hItP7fEFV3CMCar4k5B77hHdHNayqBAg90ANB6DRcnUZFH8VyRPLXAHhqjw4kQCbTF0bxDidVuXO6QIGYe95jdNZS3HqhOJHukFeenXDL6PqO1lTluvJd8P42ALvHmJvzIgpBgqDnmoC3OTJyvAJP8j/AKNWUdwvENa1waXAibHvRt3dZuhDjajfeB8wQtNM0fUx6bFl3xyR6BhOGUy7NUqVJkGCyxjQEt28gr8OYBka5oFzER46rydvE3Ab+UhNxftDWc4kPcP+ox6JxV7UYz/jZyf2PSuIYZzBmbfx0VZQ44Kbw2qxwE3IvbeFgXcfxER2hjlDfso2caqj9w/7W/QLSMEnZD/j51TaPVK3FMK6SDI2zNIMfJU3E+O4djstJpdzJDmCeQ1WCdxqr/EhMRjnO1P0Wjt8ER/j1H7M3P8At2jAkPE7SCBO8z+ckNW4tTNgHDxbBKwp4kW6O8tU+lxJ4AOTuzEyY5nmNFooSMpwwQf2Ndi8YbFkmDI/qPVQ4PjfZaUfEtNz1IhUVDiu5BA1209b6FFHiNEmzxcbiP6fFLS14MZLG/KLyp7Q0sl2OzTN+v8AdBYriNJzJJLTMRE+akp1czAe6elojX5FQVcTSbIzsZ4kKkkc8lXAXhcT2YD6VQXEuGxi3ead+quOH8cp1u5YP/hnX+U7+CyuIxNE3NQOnlt5yqGtjG5z2ZJjRwmAeYK0S9HPJbWz0bFUWuVNieC0nG7b8xY/BVuD9qyQO2bcAA1Gx3tpLefgfJXuE4hTqjMxwcN428RsqX7MX+ihxeAcwyNJ9FosBXa9gLozCx8QkqgFV8Q6AVSQtVhzjJsLBTU3TaEFSrRYpaFcHROh2HQFyD7YLkhjcJgWAwWTI8UPU4Iwgk5h4BTUq7WkiSTsZhWrsfTDMjg6D+4XummNxMtw3E/pahJDixwLXDQwdx1/qrythqjKhY0Fw2gG4mx6bKo4zRzaGdxrcdEOeJ4gCm2o52SmRA0JDTpmFzawnRc/UdN3GpRM2rNHhcWCe9tZV/tFUd3Ws380XSwTsS01qPukkEOMlpBNjlB1bB890uF4ZUBDi5hjSMxt4xY9PiFwQjp+3ItHksaWIqGkx+UNqGztACRY/wApsDA6WVjxDB0oqZmNe4tIkNi9oGgidZsgsK+k1xpmZAzQ42Djc6Dw1nfZHN4m5oc2WguADiBJOYEZhezuXguzHNSjZ1xm2k0Zet7OA13Ug6p3YsNTMRmBHO3mqriPAKjBVDZL2OiIAA7ocRMd4xePBbnhGCH6kB1Y1DUygXPaQJmZnKQY8fJTv4a9jn1C15pF5uTlLiDlBG5JAFovB01WkN1bRvLqJxdRk/8AWeYt4JiADnOW0tlkguiQyWyAfHkosFw98uNYENa3T3TJ92Zv6eOi9Yx+HYGn/iS1pa7IYc5xgvIENFpc4b3+OdxbBWaKgLWkDvNyxmIMsHLNLZ03hXSQvlZWuX/rPM3NqRBlp25nwT6OBzPyPcZiRe87i+602Fu4UntOZgJaADLzq3yFvRV+IwD24hhkXGliRaTMeNpTUjKU5S5bGYrgdV1MQAI17wP7XOFgLDKCYN+fWF1QOptD5zCAIBEgAQO9qbm9vc3m2/w739k1uUEElxzC8NvmzCxaLAePNB1eGMc5jwA41TlAgECxzPGthf8A7U9dk3W5hsTQ7N5qZ2kNggB05g7YOiDG+ngmVR2hpw3/AJhyAD+KQIEnW7eWvmrPG4Rr3P8A8pMCwManTUj82VdRw0lrS4XBc2CNZg6aGyalHkiTfBDUxOZhDvfbDZNyQMseYgjWNPPqXDSaYcAZJjaD16XOkeamfQaNRcdet/X6hXPC8T2jOzbbpO5gT8Am5+iEtzODCggQLXufUfJF4CnlB8CfQf1RXEMO6k99LTL3dQYy8yLE2KCps0zGQOSTdoXDAuISDYWm6hw2Ie05mOLTzBj15qfH1DN9/wCiHYrjwZSe5rOG+0TjAqNkQBmbr4kH6ItuJDzmEwDus/gaMAmLq5wgkCNDsuSebS9hawypWDilo1o2Tq2G7uYSCLnwCCDwt4ZFJWaRepBf6rouQHaf5lyoZbVXvLoyhtt+Xklquf2YI25Mgep1TBxKPdeJiBDTCSrjakR3zobyAszcdQoF4h7ndNmhA8Swga/IRAOhLo9FY4TiLyMrw3KTawJHhqk4k0lxD+8IsS20RsrTIkja/wCGVBowTu7Gao6bzMZW6q/xHARGYNB+BWY/w1xwDamHLhZ2Ztos4QfiPivQqdQQAdreK4ckU5Oy7pHkfH2Btd5Fu9Maa7QVQYzF1WVGvz+9bTloCCvW/bf2fFemHUx/xGAwP4m6lvjuF5VxXDEsNNzSHDYiCDPLaFlC8U6fDMVceArhmNe6p2zGknLBIFxO5mw035Kyb+qqyTVhs3hveE6nXYGVluAY0sJp1QO6R72hHP7reUame1BrnMdTDqjGy73XEG8TAaRpz1Xfp9G8ZJop2tqUapF3tuW5pJe7RoA5n6J+A4ZDzUrv747zQDmJdJMG2gHX1RbsU01KZcWtItJEk83EaGAVUcY4gX1slKpOWGyQRJN7AaeaAbIG4Vgq1CS7tmt7ot3w4wGADQkTtqheGta3FBlUEECAI0O4dO4GlirjBYmnQcSKTnVi0F1RxJnmQNumkDmqXi2Ja/EMcPfaZdcW13k69b3R+if2aTE8SptL6mjW03U7mYNoJE93fyPgq7iGMaABlk2LRexb06k/BE1+J0SGM7MG8kHTOTNyDpN4BCpnuY2pDzDQ0gloEyRDWyQbeAm+qTVlJlZWxBpucXN9/wB4Tdv5Cq61TLDhqTIG0beeilxJseXI7E/NAOAiZt1PIKoowm9x+NrOguMAO2HKV3Csc2m4Ek87c9gmYbh1WsJENadyfotDwj2MDyDUrACP2t+pP0TeTHH8W9zLXuV+Ka6vVcaYBMSSbRNgCdLnQeKqH1HNkEHNcRyO9l6fxX2ebRwwbh2uMOzOIuXFoGp33VF7WcFp5qddh7tVuYkA+8AAehkEbbFZrKk6a2G5alZkMNg31TJVrheEEwBrOhsPVWOGw0NHfHmI+aMpYd4glwcNwCJWWTNN8GdkbcNUo5hkbYC8TJO0+CMw4aB7oB11gXUdYgOJDjlGoO3jeyf/ALRLRs5vM6jz+6zStEheHe28s6SZOu4uqXGUezfDgR/CeY5q5wVRriLz1OgnxVd7UcTa9wpNg5Ccx5u0gdAPn0W+Fu9i8b3AM45rkHA6eq5dBuWtOplflEO8e7PTYyjO3DiTkp9BdxG13EqpqvYSLGZG39NPJWlItLc3ZkkC8vaB4wADbwhSzVEZEOkueGjUDT5QrDD4ygyQRUg6h1wesyq/Mz/+jhOuQ+EXACkpljbgPdyzkgHme86ClZTQfhqxpVG1aLmlm+VoBg6tJF5Xp3DeKB7QZ1Fxv4ry4VXuaRlAA5EWHi0RHmncO412Byky2dR+2eXRc+WLf5R5NIpNUz2KljGmxMyN7FCcS4RRxA/4lNrriHSQ4DoQFmcJxogDM3NI94QZGxCtMLxxsd4Et5jb+YbLnjnT+4T6d+Ci417KU6fu3nQODXW/OqpiXUhlY8Nm0AkbRYOFj1EL0UOZUHdMg6Gx+azvGeFPee6wEHR1gPNVqlF2uCI4ovZ7MxRpkE5w5roiTJgeBVDT4fUFQnPF5tInbUSvW6PDCGjM0ER5Dw5ILFez1IaAAncT8LraOWdbmMoSvZmTwWD7R7n1C6HCLQwAAGwvf0TXcKZOUU233DgdTeRvZaYcIBBIEciS776IStw2JLmyOhiPVDyy8E1kM3xHhXdLA4tBImBv+fJQP4UDAdVfoJs0EkDe2/1V/Xwzp7oMRoXH5qKqwkGaet7u29FPdkTpyGaxXCKZBaXPNgZkctIhV2K4IzJ3S4nnPjAiFp6lEhxJb3LWnvWHOFLWp04b2bCI1l0yJ2gWQs0l5F28jKHhXDiym0S4jwFp2jZazhLgxp/hDTJI5XVdxLGGW9mBTYAABu47ucdyfgg6r6j/AHnnLyFh6DVZTbk7KXSye7NBxnjYNE02OBLhEDYaH4LP0uIlrDSewPpn9pnXm06gqKmyCmvaJVV7OiOJQVCVWsd7gyjkbwehUrKoYLSTtoB9z8EM+oAq3HcUa0dVag5bIh4ocsNxfEiJc4n79I3VYOMVDoGgcss25GdVVVcQ57pPkOSlpVSNl1QwRitzKVPwWD8e4CGSAdenghwdSnU3dQng9Z8tPLdaKKjwJKhmZ/L4LkvanouTGXFbBuOjmRa2ZoP/AG6lWGCAaNXExoMob5Ed4+irqTzoMgnYmZ5akRuim4d5M5W20Lb+WoB81kdOxa/qqhiGgeDW/ElpPqmUq5c4yWNMXIbTJPOSGuM+QS0GnKM7gCdRqL6mJNtBYjwSYms1hhhMnm0ZfLO4nadDqkLgTHY2QGNAPM5Rfyj6BVrgd8t/8rQjKb2/uMnpMfEADylSBrdctuuvopZcSPA46pSHd93dpu3nbSPirXAcfZUOV7cj75YMB08zsbb/ANFTV6sxZv8A2j6qMs/NNt40WUscZ8o1UnHhmvbXc24Jnk2b7zI139EYOPublBktt8jYbLBsrlggPc3kAbehkFLQ4rUFnZagnlB56jTe0LmfTNcM17kZco9F/wB4SdQeW0jxO+iKPEqbjB11vpfbqvN3e0MmHUy2ACMoBbyvMHToiqPGKW7n3AAhhAG0mNeSnt5UDhjPRGYunkzzbnI1VXi8cx0gGVj8ZxmkAYqe6I1PMaD7odnEWmXZxp3TbW2+ipdwjtQ9msbWDt4t+BQVKgcDf8FpWV/XEGA5pgX03PNLV4lAu5vrJvMz9uqf5h24+zRVMuX6nfZBYiqA0xrv4fgVHU4tYd5tuthyKEq8WNu8JNrXtr5rRRkyNMV5Lqu3NExqPohsTWDTlkHwVM7iDiYbnNr2I9JiNUwsrGYpm+k/SE1ifkNUS0fiWR+Qq/F8UAPTmhHYGufegTO4n1JSf7GOpv1LgfqtljiuWZuXoDxfEXPsEOyk4lWo4cROg+s8rKVmFuLiT0da38q21qOyMXFvkqxQ/JlSCh0Vm3B+Pp91KzCAbnwiLfeEu4LtlXTYRsjKJdyFo9OVkUcOAcp1BOnp9FJ2cQIuY10Hh5ny+RqsNAFDOTf/ADXI/wDT/wCQen9FyNY9BY0eHFkkh23vGPhuDfZMrVIkEhvQENA8AZf8kdXrUhacx/yk/wDsRPkIVDWLnu7jR4gHfm6/zT/sr+h9WuHAnPB2kOJ6QSbHzj4qKm3TPcbfxR0nbxsuOGjVwB1JEk/BPpgDcyTrGviVLfoej2WGEo7gW5zf+n5dHkDQeeiq8OS03/urWk4ltoCjkvZcA7m8h+dUNXDt/irAU9fM8k11Pl/dMmypy/gsoYvqrd4On91A9xiAT1jbwunQ1IBqgAWmfhPkrDhlGm3vPMOB/hDjMxEEjbrsEuDBF5dy96PwyiWOfMtc6BpL3GCDqeaVBqDm4sim8FsnNaGZYGnM9635CrWY585ZcL2JGjT059Lqeqau7zHKbeM/1QlU1J989O8fCFVmbQ2s/wDiBcP4g2B8BcqM4QO1p5jI/bYWnwhT4ei9sGpYb5rztEE9VA+o8R0kCAL+IA5fVD3GnSJsNgyRcNpcj7ojSdANxpyQdaGOOYBxk6FzoG5MH5Fc+kSMziTqRLRe995SjD5oAa4n+T8sk2CH8Mw2fOSAY6xuSYE/5UbVwI8/P8lT8E4dDXZ4ERAL2yIzazpN1Zfp2zq3nNyJ5C0LmyPc6IcGZdgBF/Hrrt6FdSwAPmdOZ6dVqsThmwCJJiC0iJ6k3t9kLRwudzhYchoYHLwSTAzdbh2V0Ef2+v8AQp4wIMWIM67bi3PZaLEYIkExcb3HgR4x8ELUwz+6TJkanncj4iPNWidin/TAiw/p0jknnDjYweo05q9pYYXIAI1k7Tz6X+SgqUBPugFpvcXEa9FVMVoqBTgzFxpJm97nmuNEG83gHWdQSNFa/ozME6iZtofD6Jz8GI/bJI2E66ApiKv9O3kfh91ytsj+TPj9lyNwKr/4D4H5qTg/unw/0lIuW8iIAZ1HiUylr5rlyyfk0fgKZ7yNbp6fRcuQiHyOO3gUTT08x8wuXJiAKuv51UO35zXLkwJaOiIwvuDwSrkmCJ6vuM/NwgqXv/8ASfkuXI8CZ2K/5Pk75hA4L3T4hcuR4AuuB6H+ZvyKA4h/zmfzfZcuVojyT+zejv5h/qVvhP2eP3XLlxZPsdcPqH1v9Z/9Sgh7zP5h8guXIiJnO99vh9kJif2/n7gkXLUlDOH6n/6x/qSt953g35uSrlaICKfueT/mFA33T5/NcuS8lBq5cuTEf//Z',1,200,199);
INSERT INTO `productos` VALUES (7,_binary 'Hambaga',_binary 'SKU de hambaga',_binary '200.20',_binary 'detalles de hambaga',_binary '/9j/4AAQSkZJRgABAQAAAQABAAD/2wCEAAkGBxISEhUSEhMWFRUWFxcYFhYXFRgYGBUYFxgXFxgWFxgYHSggGBolGxUXITEiJSkrLi4uGB8zODMtNygtLisBCgoKDg0OGxAQGy0lICUtLS0tLS0tLS0tLS0tLS0tLS0tLS0tLS0tLS0tLS0tLS0tLS0tLS0tLS0tLS0tLS0tLf/AABEIAOEA4QMBIgACEQEDEQH/xAAbAAABBQEBAAAAAAAAAAAAAAAEAQIDBQYAB//EAEEQAAEDAgQDBQcCBAMIAwEAAAEAAhEDIQQSMUEFUWETInGBkQYyobHB0fAUQlJy4fEHYsIVFiMzgpKiskNz0lP/xAAaAQADAQEBAQAAAAAAAAAAAAAAAQIDBAUG/8QAJxEAAgIBAwQCAgMBAAAAAAAAAAECEQMSITEEE0FRFDIiYQVxkcH/2gAMAwEAAhEDEQA/AM6uhMBTwVwHcL2YXGiE4FOBSAHdhQozgQjQllOworX8NHJDVOFjkruV0J6mJxRm38KHJQP4QOS1RYk7EJ9xk9tGPfwhQO4UQtqcOFG7CBWsrJeJGJdgXDZMNBw2W0dgQoXcPHJUsxDwmOLei4LVVOGDkhqnCRyVd1B22jPEqN5V3U4QhKvCXbKlNCcWVBElEUmKY8NeE9tBw1Cq0yNzmMUoaualLkBZzgoXqRz1C9yYmxpKVrlGSkBQInzpj3JkpYTAZK5OhckBvCFynNJMdSXAd5HmTgUhplKGIAdK6UoauyoATMnhyZCUBAEgKdKjXIAklIUxLKAHBOUeZKHIAcQmlg5JcyWUARGiEx2FCIlcEWFAbsCFE7h45KyXJ2KkU7+GjkhqvChyWgKQgKlkZLgjKVeEckJU4Y5bQ0gonYYKllZDxIxD8A8bKI4dw2W4dgQoXcPHJWsxLwmMyncJSta/hg5IapwgHZWsqIeJmZhctB/sQckqfdQtDNaGpTTCm7JcWLhs7QY0UnYoiEqLAF7JJ2SMyrsiLAB7JIaaONNMNNOwA8iTKizTTTTQAKQkhEmmmmmgCCF0KbImlqBEaaSpMqQtQAyVwcnQlhMBoenh6blSwgB2ZJKYUiAJJTgobpMxQAWFxCF7Qru1KBBGVL2YUArJzcQmBL2YSpnbrkBRbGu3mmms1Zhtdx3UnanmUaSjQue1QuqtCrKGY7ot1EEao0ism/UNXHEtVRWw5BsUK9xG6Wkdmg/VNXHFNVExx5qPI95hkn5eqTSW7Gk26RoP1LVxxLVU0uG1IlziPD7qYYA/l1hLqca8m8elyMO/UtTTiW80C7Bn8KaMIVPyoF/Dl7DjiGpDVagv0Zi0+n1lMdhDy+qPkxD4j9lk0g6LiAqt2FKQUSNJFtU/kRF8V+y1yJpAVK+gR5qB9B3X1VrMmS+ma8mggJpKzJpu5mfEporVRo93rPzWimmZvFJGozBKQs5S4lUGpB8RHyVphON0jZ4LDz1b6hWqZk014Dg1IWqdrmuEtII5gyh3NKbjRKdnZUrqO6R9WE8V5CFEGyAsCeykElNklT1KJAsih2J2QXJOydzXJUFlVREFG0mNK5wapoaGyrqwsWrVa0WQFTFnZdVcNUK/EAJUMIFZx1umVHDdRsxEq99n+CmqRUeO7MNB/cfsFnkmoR1MuEHJ0hnCODuqw58huw3I5nkFoP0bGCA0Tt+bKzDS2coknT82CjZg3GTNxryt1Xi9Rmnlf/D0McYwQBWbaNuSGOHHhyurn9JvtrPIc55pzMIJ0Np6W2K5Uma9xIof0wulZg5Gl/HbwV03CgcvDw26ofGPyCGjXfcLeEG+QeS+CrpUdYsOX3UbqAm+/Tmei0b8O0j8mY6IN9GDa2nTy+K1hjvcl5CnOBm4trEmDb6qOrgHeI8j8NtFcYiiCDa/Pmo+H1MwdNrx6WWygkTrZncSwNFxJ0G0bKOhhhUBuA7rZW+NoX2jkQqynSyn8/OSpbBdgdfBObqEFiMMW6jXzV9imgtG538eXwUFOjmhlr2n0sqUmhNGbfTUURorPEMjWyjqUBtaVvGZjKFgVGoWmWktPMfUbq6wHFwe7VsdnbHx5KqqUYKXsrLeM7OWcKNA+9lLRpgIDhVUDumS20GD3Sf2norXsjyW6MGDkwVJ+pUj6R5KEYYyigH/AKpcn/pCuSoLMt+pcUQcYS2FCKNkopFKzTSMzuTuzO6kpUXO2R1PBndJsaQnCuFPrPDG6nU8huV6lQwgZkptkBjYA5AdfElUf+HnDpe952ho/wDY/ILX16YD3HpA+K83qm5P9I3xuito0xAgXjX88lI/Dm3T58z+ckbhsP4REnxRNNkkk/2XNHFa3Llkoqv05JkmfLzAjlZK3DanncDmrKnSuYOhXOoKlh8i7hTYsBjXPdsD+dFTYagarmuM5DeVf8bphzOyiS8xHzd5fZPZhw0BoFgPoUtLNIzpfsBxMX8rjn+T6IPJujq7bnwBEfnmhiCGi1p15z8kJUNMr8SDFuX3QWCpGSdJt566eCtazfz7fBQBlwNPlaytb8lWVuOHeHxHWB91A+nMDp8TItG6sX0g7XfQqJ7LjeL8v7eKFY7Kl86mJERyjU/MW6pcNRmqAfd32hE1qQkjxTA2TMn1/NlVsPBUYykXZnOhozTA25D1S08NnZmG356fdS8SPRG8Koxmpu5ctwqvYlszlWiPiowwiNbK0xuH2/t5IUgXhdEGc0xr2Z2ATBn0P2sFqOD1s9Jrj72jvEWKy1uf50Vv7L1u+9h0IzDxGvwPwXZGRyyRd1olS02BPqUwUtOArMx2QJUiVMRkMNgQ7Uo1uDaEPQIF5VnkETKwbOpEAptGgTCUQQFG8HkpY1R6B7FYcU8O2p/GXH1t8grDFwCXRYRboZXlzMdVp+69zRykx6J59oqjvf743uQubJhk+ClyegVeNtpiSWjpPLlCrcR7TOYZDSZ2yHnsZ6ql9muzr14DTZpdBMi0fdej4PhDCACBEan7LFYM0paUaPJigraPOKn+JDGFwLXEiZGXrpeE+l/ihQJaCyJ52APUnT5LZ8R9h8LXBL6LSSPeiDH82o8lmMd/hJhzdhe0zPvZh4EHULojgaX5Jld7p5eKCG+09IONao1zQGgCAHQNSQQfpySf764F5IbWbm0BILR6uCDq+x9VtMU8zcgkaEeh5LK4j2DrNuMjjOgJiPMLJKPEjVQxS3s3mFqNd3g5rp3BB18PBR4xxDmt2JjyuvMXeztdjoNNzDO1wRzBarOmMU3StVOW8EueP/OYCbwRq1Ih7M3GJYEJUINtbH0grN4X2jxQMPpMc3ndrvS4+CJHtHeBSMmwFjr1UPDJCUi5IED5+ZsonNE/noq41HgjNLtSGtIv66+C48Sg+462xEeqnS/RYRUp3A3J+aZTp92eenh9Ex3FGudmIM8ojxuENiPaGiJBt0yu+Fk1FktsmZgQ94P7RLjy7t4TqZDXknn63VXR9oMK2QXkyCIDX/8A5/IQGK9p6Gb/AOS3+XXlrC2WGXhGLyL2H4z3jfwQNQaqurcfYYhjvMgfdSNxz9eytv3p89FqoSXgiUkxagR/AiRXZ5j/AMSqk4k6ljo8NFb+z+Y1WvyEBpMztIK0inZnJ7GvbK7KpKdQFSAABdBgC50iknouRYGAoYvYq1wlUubc6KhAaDqj6FVrbTqspKzpTotKdW6mOKLbygS5vNQOqAnVKh2WNfHAhQ4HDurOysYXHpoOpOygwOH7WqymP3OANtBNyvSKWGbQaGMa0DeBr1PNROdFRjfBU8E4BVo1BUbVDXRBaBIIOxnb0W7w3EXNb3gP+n6A/dZf9aGuIcYbsbnyiNUfQ4th3NaRUBzRA3EmJIOl+a545MurYrJiSW6ND/vNRAhxLejmkfGI+KIbxejUb3HMd0Dgfgs5iRh3WL2T1doq2gKLswa0vaDDnADJI2zGxPhzWy6vItpJGXxoNWrNo+owBsW0kbHnI3Wd4kWNcQ0yNunRQ4bsWzAItFjl80JjsICCWOcOcun6LDLk7tJJI0x41B7skJB6BOe2mGjeVSDtGkNzuE31H1CWpUfBh4m4GZgifJXj/GOmSsco72mG9iwzIHL7IM4RkkwLdFnHcT4i14aaNF7ZF25hbmO99EQeJ4h2lNjQdnZs0eAK07cEFTJ8XhwSDbW1lYds1jM1RmZu5/cI5Ksiq9ogMB2F7nkCTCHoVqzxUp5gdQZAIHUQs5QT+pV+y6p0qFZuag4PG4/c3oRqFW8R4CxwiFnhw2tReHMeQ6bFtv7jotBQ45YdtLag/e0S0/zNFx5BT22uGGoyWO4XVw7w+nBym4Is4cro19HD4xh7uSoNRHeadvFq17qVOsC9plrtDtyVJxDgI95stcNCLR+ctF1YnJLc5sji3sYPE4M0nljvI8xzCuOAcU7Ihj70zz1b18EVxtzjRc2rTmo2Cx7Rre8ja3iFm8HVkgLVkLc9FLABMAg6fdKHu5Kh4NxOCKTtP2nkf4fBaNlcbpolk3bEAWTamK0uom4kHdNq1gSLIEE/qEig7QckiVDMRkTiO9OwU2MwpYbPnwQ4aP4lekrUECqQeYVxwWgKlQktIDW5hItP7fEFV3CMCar4k5B77hHdHNayqBAg90ANB6DRcnUZFH8VyRPLXAHhqjw4kQCbTF0bxDidVuXO6QIGYe95jdNZS3HqhOJHukFeenXDL6PqO1lTluvJd8P42ALvHmJvzIgpBgqDnmoC3OTJyvAJP8j/AKNWUdwvENa1waXAibHvRt3dZuhDjajfeB8wQtNM0fUx6bFl3xyR6BhOGUy7NUqVJkGCyxjQEt28gr8OYBka5oFzER46rydvE3Ab+UhNxftDWc4kPcP+ox6JxV7UYz/jZyf2PSuIYZzBmbfx0VZQ44Kbw2qxwE3IvbeFgXcfxER2hjlDfso2caqj9w/7W/QLSMEnZD/j51TaPVK3FMK6SDI2zNIMfJU3E+O4djstJpdzJDmCeQ1WCdxqr/EhMRjnO1P0Wjt8ER/j1H7M3P8At2jAkPE7SCBO8z+ckNW4tTNgHDxbBKwp4kW6O8tU+lxJ4AOTuzEyY5nmNFooSMpwwQf2Ndi8YbFkmDI/qPVQ4PjfZaUfEtNz1IhUVDiu5BA1209b6FFHiNEmzxcbiP6fFLS14MZLG/KLyp7Q0sl2OzTN+v8AdBYriNJzJJLTMRE+akp1czAe6elojX5FQVcTSbIzsZ4kKkkc8lXAXhcT2YD6VQXEuGxi3ead+quOH8cp1u5YP/hnX+U7+CyuIxNE3NQOnlt5yqGtjG5z2ZJjRwmAeYK0S9HPJbWz0bFUWuVNieC0nG7b8xY/BVuD9qyQO2bcAA1Gx3tpLefgfJXuE4hTqjMxwcN428RsqX7MX+ihxeAcwyNJ9FosBXa9gLozCx8QkqgFV8Q6AVSQtVhzjJsLBTU3TaEFSrRYpaFcHROh2HQFyD7YLkhjcJgWAwWTI8UPU4Iwgk5h4BTUq7WkiSTsZhWrsfTDMjg6D+4XummNxMtw3E/pahJDixwLXDQwdx1/qrythqjKhY0Fw2gG4mx6bKo4zRzaGdxrcdEOeJ4gCm2o52SmRA0JDTpmFzawnRc/UdN3GpRM2rNHhcWCe9tZV/tFUd3Ws380XSwTsS01qPukkEOMlpBNjlB1bB890uF4ZUBDi5hjSMxt4xY9PiFwQjp+3ItHksaWIqGkx+UNqGztACRY/wApsDA6WVjxDB0oqZmNe4tIkNi9oGgidZsgsK+k1xpmZAzQ42Djc6Dw1nfZHN4m5oc2WguADiBJOYEZhezuXguzHNSjZ1xm2k0Zet7OA13Ug6p3YsNTMRmBHO3mqriPAKjBVDZL2OiIAA7ocRMd4xePBbnhGCH6kB1Y1DUygXPaQJmZnKQY8fJTv4a9jn1C15pF5uTlLiDlBG5JAFovB01WkN1bRvLqJxdRk/8AWeYt4JiADnOW0tlkguiQyWyAfHkosFw98uNYENa3T3TJ92Zv6eOi9Yx+HYGn/iS1pa7IYc5xgvIENFpc4b3+OdxbBWaKgLWkDvNyxmIMsHLNLZ03hXSQvlZWuX/rPM3NqRBlp25nwT6OBzPyPcZiRe87i+602Fu4UntOZgJaADLzq3yFvRV+IwD24hhkXGliRaTMeNpTUjKU5S5bGYrgdV1MQAI17wP7XOFgLDKCYN+fWF1QOptD5zCAIBEgAQO9qbm9vc3m2/w739k1uUEElxzC8NvmzCxaLAePNB1eGMc5jwA41TlAgECxzPGthf8A7U9dk3W5hsTQ7N5qZ2kNggB05g7YOiDG+ngmVR2hpw3/AJhyAD+KQIEnW7eWvmrPG4Rr3P8A8pMCwManTUj82VdRw0lrS4XBc2CNZg6aGyalHkiTfBDUxOZhDvfbDZNyQMseYgjWNPPqXDSaYcAZJjaD16XOkeamfQaNRcdet/X6hXPC8T2jOzbbpO5gT8Am5+iEtzODCggQLXufUfJF4CnlB8CfQf1RXEMO6k99LTL3dQYy8yLE2KCps0zGQOSTdoXDAuISDYWm6hw2Ie05mOLTzBj15qfH1DN9/wCiHYrjwZSe5rOG+0TjAqNkQBmbr4kH6ItuJDzmEwDus/gaMAmLq5wgkCNDsuSebS9hawypWDilo1o2Tq2G7uYSCLnwCCDwt4ZFJWaRepBf6rouQHaf5lyoZbVXvLoyhtt+Xklquf2YI25Mgep1TBxKPdeJiBDTCSrjakR3zobyAszcdQoF4h7ndNmhA8Swga/IRAOhLo9FY4TiLyMrw3KTawJHhqk4k0lxD+8IsS20RsrTIkja/wCGVBowTu7Gao6bzMZW6q/xHARGYNB+BWY/w1xwDamHLhZ2Ztos4QfiPivQqdQQAdreK4ckU5Oy7pHkfH2Btd5Fu9Maa7QVQYzF1WVGvz+9bTloCCvW/bf2fFemHUx/xGAwP4m6lvjuF5VxXDEsNNzSHDYiCDPLaFlC8U6fDMVceArhmNe6p2zGknLBIFxO5mw035Kyb+qqyTVhs3hveE6nXYGVluAY0sJp1QO6R72hHP7reUame1BrnMdTDqjGy73XEG8TAaRpz1Xfp9G8ZJop2tqUapF3tuW5pJe7RoA5n6J+A4ZDzUrv747zQDmJdJMG2gHX1RbsU01KZcWtItJEk83EaGAVUcY4gX1slKpOWGyQRJN7AaeaAbIG4Vgq1CS7tmt7ot3w4wGADQkTtqheGta3FBlUEECAI0O4dO4GlirjBYmnQcSKTnVi0F1RxJnmQNumkDmqXi2Ja/EMcPfaZdcW13k69b3R+if2aTE8SptL6mjW03U7mYNoJE93fyPgq7iGMaABlk2LRexb06k/BE1+J0SGM7MG8kHTOTNyDpN4BCpnuY2pDzDQ0gloEyRDWyQbeAm+qTVlJlZWxBpucXN9/wB4Tdv5Cq61TLDhqTIG0beeilxJseXI7E/NAOAiZt1PIKoowm9x+NrOguMAO2HKV3Csc2m4Ek87c9gmYbh1WsJENadyfotDwj2MDyDUrACP2t+pP0TeTHH8W9zLXuV+Ka6vVcaYBMSSbRNgCdLnQeKqH1HNkEHNcRyO9l6fxX2ebRwwbh2uMOzOIuXFoGp33VF7WcFp5qddh7tVuYkA+8AAehkEbbFZrKk6a2G5alZkMNg31TJVrheEEwBrOhsPVWOGw0NHfHmI+aMpYd4glwcNwCJWWTNN8GdkbcNUo5hkbYC8TJO0+CMw4aB7oB11gXUdYgOJDjlGoO3jeyf/ALRLRs5vM6jz+6zStEheHe28s6SZOu4uqXGUezfDgR/CeY5q5wVRriLz1OgnxVd7UcTa9wpNg5Ccx5u0gdAPn0W+Fu9i8b3AM45rkHA6eq5dBuWtOplflEO8e7PTYyjO3DiTkp9BdxG13EqpqvYSLGZG39NPJWlItLc3ZkkC8vaB4wADbwhSzVEZEOkueGjUDT5QrDD4ygyQRUg6h1wesyq/Mz/+jhOuQ+EXACkpljbgPdyzkgHme86ClZTQfhqxpVG1aLmlm+VoBg6tJF5Xp3DeKB7QZ1Fxv4ry4VXuaRlAA5EWHi0RHmncO412Byky2dR+2eXRc+WLf5R5NIpNUz2KljGmxMyN7FCcS4RRxA/4lNrriHSQ4DoQFmcJxogDM3NI94QZGxCtMLxxsd4Et5jb+YbLnjnT+4T6d+Ci417KU6fu3nQODXW/OqpiXUhlY8Nm0AkbRYOFj1EL0UOZUHdMg6Gx+azvGeFPee6wEHR1gPNVqlF2uCI4ovZ7MxRpkE5w5roiTJgeBVDT4fUFQnPF5tInbUSvW6PDCGjM0ER5Dw5ILFez1IaAAncT8LraOWdbmMoSvZmTwWD7R7n1C6HCLQwAAGwvf0TXcKZOUU233DgdTeRvZaYcIBBIEciS776IStw2JLmyOhiPVDyy8E1kM3xHhXdLA4tBImBv+fJQP4UDAdVfoJs0EkDe2/1V/Xwzp7oMRoXH5qKqwkGaet7u29FPdkTpyGaxXCKZBaXPNgZkctIhV2K4IzJ3S4nnPjAiFp6lEhxJb3LWnvWHOFLWp04b2bCI1l0yJ2gWQs0l5F28jKHhXDiym0S4jwFp2jZazhLgxp/hDTJI5XVdxLGGW9mBTYAABu47ucdyfgg6r6j/AHnnLyFh6DVZTbk7KXSye7NBxnjYNE02OBLhEDYaH4LP0uIlrDSewPpn9pnXm06gqKmyCmvaJVV7OiOJQVCVWsd7gyjkbwehUrKoYLSTtoB9z8EM+oAq3HcUa0dVag5bIh4ocsNxfEiJc4n79I3VYOMVDoGgcss25GdVVVcQ57pPkOSlpVSNl1QwRitzKVPwWD8e4CGSAdenghwdSnU3dQng9Z8tPLdaKKjwJKhmZ/L4LkvanouTGXFbBuOjmRa2ZoP/AG6lWGCAaNXExoMob5Ed4+irqTzoMgnYmZ5akRuim4d5M5W20Lb+WoB81kdOxa/qqhiGgeDW/ElpPqmUq5c4yWNMXIbTJPOSGuM+QS0GnKM7gCdRqL6mJNtBYjwSYms1hhhMnm0ZfLO4nadDqkLgTHY2QGNAPM5Rfyj6BVrgd8t/8rQjKb2/uMnpMfEADylSBrdctuuvopZcSPA46pSHd93dpu3nbSPirXAcfZUOV7cj75YMB08zsbb/ANFTV6sxZv8A2j6qMs/NNt40WUscZ8o1UnHhmvbXc24Jnk2b7zI139EYOPublBktt8jYbLBsrlggPc3kAbehkFLQ4rUFnZagnlB56jTe0LmfTNcM17kZco9F/wB4SdQeW0jxO+iKPEqbjB11vpfbqvN3e0MmHUy2ACMoBbyvMHToiqPGKW7n3AAhhAG0mNeSnt5UDhjPRGYunkzzbnI1VXi8cx0gGVj8ZxmkAYqe6I1PMaD7odnEWmXZxp3TbW2+ipdwjtQ9msbWDt4t+BQVKgcDf8FpWV/XEGA5pgX03PNLV4lAu5vrJvMz9uqf5h24+zRVMuX6nfZBYiqA0xrv4fgVHU4tYd5tuthyKEq8WNu8JNrXtr5rRRkyNMV5Lqu3NExqPohsTWDTlkHwVM7iDiYbnNr2I9JiNUwsrGYpm+k/SE1ifkNUS0fiWR+Qq/F8UAPTmhHYGufegTO4n1JSf7GOpv1LgfqtljiuWZuXoDxfEXPsEOyk4lWo4cROg+s8rKVmFuLiT0da38q21qOyMXFvkqxQ/JlSCh0Vm3B+Pp91KzCAbnwiLfeEu4LtlXTYRsjKJdyFo9OVkUcOAcp1BOnp9FJ2cQIuY10Hh5ny+RqsNAFDOTf/ADXI/wDT/wCQen9FyNY9BY0eHFkkh23vGPhuDfZMrVIkEhvQENA8AZf8kdXrUhacx/yk/wDsRPkIVDWLnu7jR4gHfm6/zT/sr+h9WuHAnPB2kOJ6QSbHzj4qKm3TPcbfxR0nbxsuOGjVwB1JEk/BPpgDcyTrGviVLfoej2WGEo7gW5zf+n5dHkDQeeiq8OS03/urWk4ltoCjkvZcA7m8h+dUNXDt/irAU9fM8k11Pl/dMmypy/gsoYvqrd4On91A9xiAT1jbwunQ1IBqgAWmfhPkrDhlGm3vPMOB/hDjMxEEjbrsEuDBF5dy96PwyiWOfMtc6BpL3GCDqeaVBqDm4sim8FsnNaGZYGnM9635CrWY585ZcL2JGjT059Lqeqau7zHKbeM/1QlU1J989O8fCFVmbQ2s/wDiBcP4g2B8BcqM4QO1p5jI/bYWnwhT4ei9sGpYb5rztEE9VA+o8R0kCAL+IA5fVD3GnSJsNgyRcNpcj7ojSdANxpyQdaGOOYBxk6FzoG5MH5Fc+kSMziTqRLRe995SjD5oAa4n+T8sk2CH8Mw2fOSAY6xuSYE/5UbVwI8/P8lT8E4dDXZ4ERAL2yIzazpN1Zfp2zq3nNyJ5C0LmyPc6IcGZdgBF/Hrrt6FdSwAPmdOZ6dVqsThmwCJJiC0iJ6k3t9kLRwudzhYchoYHLwSTAzdbh2V0Ef2+v8AQp4wIMWIM67bi3PZaLEYIkExcb3HgR4x8ELUwz+6TJkanncj4iPNWidin/TAiw/p0jknnDjYweo05q9pYYXIAI1k7Tz6X+SgqUBPugFpvcXEa9FVMVoqBTgzFxpJm97nmuNEG83gHWdQSNFa/ozME6iZtofD6Jz8GI/bJI2E66ApiKv9O3kfh91ytsj+TPj9lyNwKr/4D4H5qTg/unw/0lIuW8iIAZ1HiUylr5rlyyfk0fgKZ7yNbp6fRcuQiHyOO3gUTT08x8wuXJiAKuv51UO35zXLkwJaOiIwvuDwSrkmCJ6vuM/NwgqXv/8ASfkuXI8CZ2K/5Pk75hA4L3T4hcuR4AuuB6H+ZvyKA4h/zmfzfZcuVojyT+zejv5h/qVvhP2eP3XLlxZPsdcPqH1v9Z/9Sgh7zP5h8guXIiJnO99vh9kJif2/n7gkXLUlDOH6n/6x/qSt953g35uSrlaICKfueT/mFA33T5/NcuS8lBq5cuTEf//Z',1,200,199);
INSERT INTO `productos` VALUES (8,_binary 'Hambaga',_binary 'SKU de hambaga',_binary '200.20',_binary 'detalles de hambaga',_binary '/9j/4AAQSkZJRgABAQAAAQABAAD/2wCEAAkGBxISEhUSEhMWFRUWFxcYFhYXFRgYGBUYFxgXFxgWFxgYHSggGBolGxUXITEiJSkrLi4uGB8zODMtNygtLisBCgoKDg0OGxAQGy0lICUtLS0tLS0tLS0tLS0tLS0tLS0tLS0tLS0tLS0tLS0tLS0tLS0tLS0tLS0tLS0tLS0tLf/AABEIAOEA4QMBIgACEQEDEQH/xAAbAAABBQEBAAAAAAAAAAAAAAAEAQIDBQYAB//EAEEQAAEDAgQDBQcCBAMIAwEAAAEAAhEDIQQSMUEFUWETInGBkQYyobHB0fAUQlJy4fEHYsIVFiMzgpKiskNz0lP/xAAaAQADAQEBAQAAAAAAAAAAAAAAAQIDBAUG/8QAJxEAAgIBAwQCAgMBAAAAAAAAAAECEQMSITEEE0FRFDIiYQVxkcH/2gAMAwEAAhEDEQA/AM6uhMBTwVwHcL2YXGiE4FOBSAHdhQozgQjQllOworX8NHJDVOFjkruV0J6mJxRm38KHJQP4QOS1RYk7EJ9xk9tGPfwhQO4UQtqcOFG7CBWsrJeJGJdgXDZMNBw2W0dgQoXcPHJUsxDwmOLei4LVVOGDkhqnCRyVd1B22jPEqN5V3U4QhKvCXbKlNCcWVBElEUmKY8NeE9tBw1Cq0yNzmMUoaualLkBZzgoXqRz1C9yYmxpKVrlGSkBQInzpj3JkpYTAZK5OhckBvCFynNJMdSXAd5HmTgUhplKGIAdK6UoauyoATMnhyZCUBAEgKdKjXIAklIUxLKAHBOUeZKHIAcQmlg5JcyWUARGiEx2FCIlcEWFAbsCFE7h45KyXJ2KkU7+GjkhqvChyWgKQgKlkZLgjKVeEckJU4Y5bQ0gonYYKllZDxIxD8A8bKI4dw2W4dgQoXcPHJWsxLwmMyncJSta/hg5IapwgHZWsqIeJmZhctB/sQckqfdQtDNaGpTTCm7JcWLhs7QY0UnYoiEqLAF7JJ2SMyrsiLAB7JIaaONNMNNOwA8iTKizTTTTQAKQkhEmmmmmgCCF0KbImlqBEaaSpMqQtQAyVwcnQlhMBoenh6blSwgB2ZJKYUiAJJTgobpMxQAWFxCF7Qru1KBBGVL2YUArJzcQmBL2YSpnbrkBRbGu3mmms1Zhtdx3UnanmUaSjQue1QuqtCrKGY7ot1EEao0ism/UNXHEtVRWw5BsUK9xG6Wkdmg/VNXHFNVExx5qPI95hkn5eqTSW7Gk26RoP1LVxxLVU0uG1IlziPD7qYYA/l1hLqca8m8elyMO/UtTTiW80C7Bn8KaMIVPyoF/Dl7DjiGpDVagv0Zi0+n1lMdhDy+qPkxD4j9lk0g6LiAqt2FKQUSNJFtU/kRF8V+y1yJpAVK+gR5qB9B3X1VrMmS+ma8mggJpKzJpu5mfEporVRo93rPzWimmZvFJGozBKQs5S4lUGpB8RHyVphON0jZ4LDz1b6hWqZk014Dg1IWqdrmuEtII5gyh3NKbjRKdnZUrqO6R9WE8V5CFEGyAsCeykElNklT1KJAsih2J2QXJOydzXJUFlVREFG0mNK5wapoaGyrqwsWrVa0WQFTFnZdVcNUK/EAJUMIFZx1umVHDdRsxEq99n+CmqRUeO7MNB/cfsFnkmoR1MuEHJ0hnCODuqw58huw3I5nkFoP0bGCA0Tt+bKzDS2coknT82CjZg3GTNxryt1Xi9Rmnlf/D0McYwQBWbaNuSGOHHhyurn9JvtrPIc55pzMIJ0Np6W2K5Uma9xIof0wulZg5Gl/HbwV03CgcvDw26ofGPyCGjXfcLeEG+QeS+CrpUdYsOX3UbqAm+/Tmei0b8O0j8mY6IN9GDa2nTy+K1hjvcl5CnOBm4trEmDb6qOrgHeI8j8NtFcYiiCDa/Pmo+H1MwdNrx6WWygkTrZncSwNFxJ0G0bKOhhhUBuA7rZW+NoX2jkQqynSyn8/OSpbBdgdfBObqEFiMMW6jXzV9imgtG538eXwUFOjmhlr2n0sqUmhNGbfTUURorPEMjWyjqUBtaVvGZjKFgVGoWmWktPMfUbq6wHFwe7VsdnbHx5KqqUYKXsrLeM7OWcKNA+9lLRpgIDhVUDumS20GD3Sf2norXsjyW6MGDkwVJ+pUj6R5KEYYyigH/AKpcn/pCuSoLMt+pcUQcYS2FCKNkopFKzTSMzuTuzO6kpUXO2R1PBndJsaQnCuFPrPDG6nU8huV6lQwgZkptkBjYA5AdfElUf+HnDpe952ho/wDY/ILX16YD3HpA+K83qm5P9I3xuito0xAgXjX88lI/Dm3T58z+ckbhsP4REnxRNNkkk/2XNHFa3Llkoqv05JkmfLzAjlZK3DanncDmrKnSuYOhXOoKlh8i7hTYsBjXPdsD+dFTYagarmuM5DeVf8bphzOyiS8xHzd5fZPZhw0BoFgPoUtLNIzpfsBxMX8rjn+T6IPJujq7bnwBEfnmhiCGi1p15z8kJUNMr8SDFuX3QWCpGSdJt566eCtazfz7fBQBlwNPlaytb8lWVuOHeHxHWB91A+nMDp8TItG6sX0g7XfQqJ7LjeL8v7eKFY7Kl86mJERyjU/MW6pcNRmqAfd32hE1qQkjxTA2TMn1/NlVsPBUYykXZnOhozTA25D1S08NnZmG356fdS8SPRG8Koxmpu5ctwqvYlszlWiPiowwiNbK0xuH2/t5IUgXhdEGc0xr2Z2ATBn0P2sFqOD1s9Jrj72jvEWKy1uf50Vv7L1u+9h0IzDxGvwPwXZGRyyRd1olS02BPqUwUtOArMx2QJUiVMRkMNgQ7Uo1uDaEPQIF5VnkETKwbOpEAptGgTCUQQFG8HkpY1R6B7FYcU8O2p/GXH1t8grDFwCXRYRboZXlzMdVp+69zRykx6J59oqjvf743uQubJhk+ClyegVeNtpiSWjpPLlCrcR7TOYZDSZ2yHnsZ6ql9muzr14DTZpdBMi0fdej4PhDCACBEan7LFYM0paUaPJigraPOKn+JDGFwLXEiZGXrpeE+l/ihQJaCyJ52APUnT5LZ8R9h8LXBL6LSSPeiDH82o8lmMd/hJhzdhe0zPvZh4EHULojgaX5Jld7p5eKCG+09IONao1zQGgCAHQNSQQfpySf764F5IbWbm0BILR6uCDq+x9VtMU8zcgkaEeh5LK4j2DrNuMjjOgJiPMLJKPEjVQxS3s3mFqNd3g5rp3BB18PBR4xxDmt2JjyuvMXeztdjoNNzDO1wRzBarOmMU3StVOW8EueP/OYCbwRq1Ih7M3GJYEJUINtbH0grN4X2jxQMPpMc3ndrvS4+CJHtHeBSMmwFjr1UPDJCUi5IED5+ZsonNE/noq41HgjNLtSGtIv66+C48Sg+462xEeqnS/RYRUp3A3J+aZTp92eenh9Ex3FGudmIM8ojxuENiPaGiJBt0yu+Fk1FktsmZgQ94P7RLjy7t4TqZDXknn63VXR9oMK2QXkyCIDX/8A5/IQGK9p6Gb/AOS3+XXlrC2WGXhGLyL2H4z3jfwQNQaqurcfYYhjvMgfdSNxz9eytv3p89FqoSXgiUkxagR/AiRXZ5j/AMSqk4k6ljo8NFb+z+Y1WvyEBpMztIK0inZnJ7GvbK7KpKdQFSAABdBgC50iknouRYGAoYvYq1wlUubc6KhAaDqj6FVrbTqspKzpTotKdW6mOKLbygS5vNQOqAnVKh2WNfHAhQ4HDurOysYXHpoOpOygwOH7WqymP3OANtBNyvSKWGbQaGMa0DeBr1PNROdFRjfBU8E4BVo1BUbVDXRBaBIIOxnb0W7w3EXNb3gP+n6A/dZf9aGuIcYbsbnyiNUfQ4th3NaRUBzRA3EmJIOl+a545MurYrJiSW6ND/vNRAhxLejmkfGI+KIbxejUb3HMd0Dgfgs5iRh3WL2T1doq2gKLswa0vaDDnADJI2zGxPhzWy6vItpJGXxoNWrNo+owBsW0kbHnI3Wd4kWNcQ0yNunRQ4bsWzAItFjl80JjsICCWOcOcun6LDLk7tJJI0x41B7skJB6BOe2mGjeVSDtGkNzuE31H1CWpUfBh4m4GZgifJXj/GOmSsco72mG9iwzIHL7IM4RkkwLdFnHcT4i14aaNF7ZF25hbmO99EQeJ4h2lNjQdnZs0eAK07cEFTJ8XhwSDbW1lYds1jM1RmZu5/cI5Ksiq9ogMB2F7nkCTCHoVqzxUp5gdQZAIHUQs5QT+pV+y6p0qFZuag4PG4/c3oRqFW8R4CxwiFnhw2tReHMeQ6bFtv7jotBQ45YdtLag/e0S0/zNFx5BT22uGGoyWO4XVw7w+nBym4Is4cro19HD4xh7uSoNRHeadvFq17qVOsC9plrtDtyVJxDgI95stcNCLR+ctF1YnJLc5sji3sYPE4M0nljvI8xzCuOAcU7Ihj70zz1b18EVxtzjRc2rTmo2Cx7Rre8ja3iFm8HVkgLVkLc9FLABMAg6fdKHu5Kh4NxOCKTtP2nkf4fBaNlcbpolk3bEAWTamK0uom4kHdNq1gSLIEE/qEig7QckiVDMRkTiO9OwU2MwpYbPnwQ4aP4lekrUECqQeYVxwWgKlQktIDW5hItP7fEFV3CMCar4k5B77hHdHNayqBAg90ANB6DRcnUZFH8VyRPLXAHhqjw4kQCbTF0bxDidVuXO6QIGYe95jdNZS3HqhOJHukFeenXDL6PqO1lTluvJd8P42ALvHmJvzIgpBgqDnmoC3OTJyvAJP8j/AKNWUdwvENa1waXAibHvRt3dZuhDjajfeB8wQtNM0fUx6bFl3xyR6BhOGUy7NUqVJkGCyxjQEt28gr8OYBka5oFzER46rydvE3Ab+UhNxftDWc4kPcP+ox6JxV7UYz/jZyf2PSuIYZzBmbfx0VZQ44Kbw2qxwE3IvbeFgXcfxER2hjlDfso2caqj9w/7W/QLSMEnZD/j51TaPVK3FMK6SDI2zNIMfJU3E+O4djstJpdzJDmCeQ1WCdxqr/EhMRjnO1P0Wjt8ER/j1H7M3P8At2jAkPE7SCBO8z+ckNW4tTNgHDxbBKwp4kW6O8tU+lxJ4AOTuzEyY5nmNFooSMpwwQf2Ndi8YbFkmDI/qPVQ4PjfZaUfEtNz1IhUVDiu5BA1209b6FFHiNEmzxcbiP6fFLS14MZLG/KLyp7Q0sl2OzTN+v8AdBYriNJzJJLTMRE+akp1czAe6elojX5FQVcTSbIzsZ4kKkkc8lXAXhcT2YD6VQXEuGxi3ead+quOH8cp1u5YP/hnX+U7+CyuIxNE3NQOnlt5yqGtjG5z2ZJjRwmAeYK0S9HPJbWz0bFUWuVNieC0nG7b8xY/BVuD9qyQO2bcAA1Gx3tpLefgfJXuE4hTqjMxwcN428RsqX7MX+ihxeAcwyNJ9FosBXa9gLozCx8QkqgFV8Q6AVSQtVhzjJsLBTU3TaEFSrRYpaFcHROh2HQFyD7YLkhjcJgWAwWTI8UPU4Iwgk5h4BTUq7WkiSTsZhWrsfTDMjg6D+4XummNxMtw3E/pahJDixwLXDQwdx1/qrythqjKhY0Fw2gG4mx6bKo4zRzaGdxrcdEOeJ4gCm2o52SmRA0JDTpmFzawnRc/UdN3GpRM2rNHhcWCe9tZV/tFUd3Ws380XSwTsS01qPukkEOMlpBNjlB1bB890uF4ZUBDi5hjSMxt4xY9PiFwQjp+3ItHksaWIqGkx+UNqGztACRY/wApsDA6WVjxDB0oqZmNe4tIkNi9oGgidZsgsK+k1xpmZAzQ42Djc6Dw1nfZHN4m5oc2WguADiBJOYEZhezuXguzHNSjZ1xm2k0Zet7OA13Ug6p3YsNTMRmBHO3mqriPAKjBVDZL2OiIAA7ocRMd4xePBbnhGCH6kB1Y1DUygXPaQJmZnKQY8fJTv4a9jn1C15pF5uTlLiDlBG5JAFovB01WkN1bRvLqJxdRk/8AWeYt4JiADnOW0tlkguiQyWyAfHkosFw98uNYENa3T3TJ92Zv6eOi9Yx+HYGn/iS1pa7IYc5xgvIENFpc4b3+OdxbBWaKgLWkDvNyxmIMsHLNLZ03hXSQvlZWuX/rPM3NqRBlp25nwT6OBzPyPcZiRe87i+602Fu4UntOZgJaADLzq3yFvRV+IwD24hhkXGliRaTMeNpTUjKU5S5bGYrgdV1MQAI17wP7XOFgLDKCYN+fWF1QOptD5zCAIBEgAQO9qbm9vc3m2/w739k1uUEElxzC8NvmzCxaLAePNB1eGMc5jwA41TlAgECxzPGthf8A7U9dk3W5hsTQ7N5qZ2kNggB05g7YOiDG+ngmVR2hpw3/AJhyAD+KQIEnW7eWvmrPG4Rr3P8A8pMCwManTUj82VdRw0lrS4XBc2CNZg6aGyalHkiTfBDUxOZhDvfbDZNyQMseYgjWNPPqXDSaYcAZJjaD16XOkeamfQaNRcdet/X6hXPC8T2jOzbbpO5gT8Am5+iEtzODCggQLXufUfJF4CnlB8CfQf1RXEMO6k99LTL3dQYy8yLE2KCps0zGQOSTdoXDAuISDYWm6hw2Ie05mOLTzBj15qfH1DN9/wCiHYrjwZSe5rOG+0TjAqNkQBmbr4kH6ItuJDzmEwDus/gaMAmLq5wgkCNDsuSebS9hawypWDilo1o2Tq2G7uYSCLnwCCDwt4ZFJWaRepBf6rouQHaf5lyoZbVXvLoyhtt+Xklquf2YI25Mgep1TBxKPdeJiBDTCSrjakR3zobyAszcdQoF4h7ndNmhA8Swga/IRAOhLo9FY4TiLyMrw3KTawJHhqk4k0lxD+8IsS20RsrTIkja/wCGVBowTu7Gao6bzMZW6q/xHARGYNB+BWY/w1xwDamHLhZ2Ztos4QfiPivQqdQQAdreK4ckU5Oy7pHkfH2Btd5Fu9Maa7QVQYzF1WVGvz+9bTloCCvW/bf2fFemHUx/xGAwP4m6lvjuF5VxXDEsNNzSHDYiCDPLaFlC8U6fDMVceArhmNe6p2zGknLBIFxO5mw035Kyb+qqyTVhs3hveE6nXYGVluAY0sJp1QO6R72hHP7reUame1BrnMdTDqjGy73XEG8TAaRpz1Xfp9G8ZJop2tqUapF3tuW5pJe7RoA5n6J+A4ZDzUrv747zQDmJdJMG2gHX1RbsU01KZcWtItJEk83EaGAVUcY4gX1slKpOWGyQRJN7AaeaAbIG4Vgq1CS7tmt7ot3w4wGADQkTtqheGta3FBlUEECAI0O4dO4GlirjBYmnQcSKTnVi0F1RxJnmQNumkDmqXi2Ja/EMcPfaZdcW13k69b3R+if2aTE8SptL6mjW03U7mYNoJE93fyPgq7iGMaABlk2LRexb06k/BE1+J0SGM7MG8kHTOTNyDpN4BCpnuY2pDzDQ0gloEyRDWyQbeAm+qTVlJlZWxBpucXN9/wB4Tdv5Cq61TLDhqTIG0beeilxJseXI7E/NAOAiZt1PIKoowm9x+NrOguMAO2HKV3Csc2m4Ek87c9gmYbh1WsJENadyfotDwj2MDyDUrACP2t+pP0TeTHH8W9zLXuV+Ka6vVcaYBMSSbRNgCdLnQeKqH1HNkEHNcRyO9l6fxX2ebRwwbh2uMOzOIuXFoGp33VF7WcFp5qddh7tVuYkA+8AAehkEbbFZrKk6a2G5alZkMNg31TJVrheEEwBrOhsPVWOGw0NHfHmI+aMpYd4glwcNwCJWWTNN8GdkbcNUo5hkbYC8TJO0+CMw4aB7oB11gXUdYgOJDjlGoO3jeyf/ALRLRs5vM6jz+6zStEheHe28s6SZOu4uqXGUezfDgR/CeY5q5wVRriLz1OgnxVd7UcTa9wpNg5Ccx5u0gdAPn0W+Fu9i8b3AM45rkHA6eq5dBuWtOplflEO8e7PTYyjO3DiTkp9BdxG13EqpqvYSLGZG39NPJWlItLc3ZkkC8vaB4wADbwhSzVEZEOkueGjUDT5QrDD4ygyQRUg6h1wesyq/Mz/+jhOuQ+EXACkpljbgPdyzkgHme86ClZTQfhqxpVG1aLmlm+VoBg6tJF5Xp3DeKB7QZ1Fxv4ry4VXuaRlAA5EWHi0RHmncO412Byky2dR+2eXRc+WLf5R5NIpNUz2KljGmxMyN7FCcS4RRxA/4lNrriHSQ4DoQFmcJxogDM3NI94QZGxCtMLxxsd4Et5jb+YbLnjnT+4T6d+Ci417KU6fu3nQODXW/OqpiXUhlY8Nm0AkbRYOFj1EL0UOZUHdMg6Gx+azvGeFPee6wEHR1gPNVqlF2uCI4ovZ7MxRpkE5w5roiTJgeBVDT4fUFQnPF5tInbUSvW6PDCGjM0ER5Dw5ILFez1IaAAncT8LraOWdbmMoSvZmTwWD7R7n1C6HCLQwAAGwvf0TXcKZOUU233DgdTeRvZaYcIBBIEciS776IStw2JLmyOhiPVDyy8E1kM3xHhXdLA4tBImBv+fJQP4UDAdVfoJs0EkDe2/1V/Xwzp7oMRoXH5qKqwkGaet7u29FPdkTpyGaxXCKZBaXPNgZkctIhV2K4IzJ3S4nnPjAiFp6lEhxJb3LWnvWHOFLWp04b2bCI1l0yJ2gWQs0l5F28jKHhXDiym0S4jwFp2jZazhLgxp/hDTJI5XVdxLGGW9mBTYAABu47ucdyfgg6r6j/AHnnLyFh6DVZTbk7KXSye7NBxnjYNE02OBLhEDYaH4LP0uIlrDSewPpn9pnXm06gqKmyCmvaJVV7OiOJQVCVWsd7gyjkbwehUrKoYLSTtoB9z8EM+oAq3HcUa0dVag5bIh4ocsNxfEiJc4n79I3VYOMVDoGgcss25GdVVVcQ57pPkOSlpVSNl1QwRitzKVPwWD8e4CGSAdenghwdSnU3dQng9Z8tPLdaKKjwJKhmZ/L4LkvanouTGXFbBuOjmRa2ZoP/AG6lWGCAaNXExoMob5Ed4+irqTzoMgnYmZ5akRuim4d5M5W20Lb+WoB81kdOxa/qqhiGgeDW/ElpPqmUq5c4yWNMXIbTJPOSGuM+QS0GnKM7gCdRqL6mJNtBYjwSYms1hhhMnm0ZfLO4nadDqkLgTHY2QGNAPM5Rfyj6BVrgd8t/8rQjKb2/uMnpMfEADylSBrdctuuvopZcSPA46pSHd93dpu3nbSPirXAcfZUOV7cj75YMB08zsbb/ANFTV6sxZv8A2j6qMs/NNt40WUscZ8o1UnHhmvbXc24Jnk2b7zI139EYOPublBktt8jYbLBsrlggPc3kAbehkFLQ4rUFnZagnlB56jTe0LmfTNcM17kZco9F/wB4SdQeW0jxO+iKPEqbjB11vpfbqvN3e0MmHUy2ACMoBbyvMHToiqPGKW7n3AAhhAG0mNeSnt5UDhjPRGYunkzzbnI1VXi8cx0gGVj8ZxmkAYqe6I1PMaD7odnEWmXZxp3TbW2+ipdwjtQ9msbWDt4t+BQVKgcDf8FpWV/XEGA5pgX03PNLV4lAu5vrJvMz9uqf5h24+zRVMuX6nfZBYiqA0xrv4fgVHU4tYd5tuthyKEq8WNu8JNrXtr5rRRkyNMV5Lqu3NExqPohsTWDTlkHwVM7iDiYbnNr2I9JiNUwsrGYpm+k/SE1ifkNUS0fiWR+Qq/F8UAPTmhHYGufegTO4n1JSf7GOpv1LgfqtljiuWZuXoDxfEXPsEOyk4lWo4cROg+s8rKVmFuLiT0da38q21qOyMXFvkqxQ/JlSCh0Vm3B+Pp91KzCAbnwiLfeEu4LtlXTYRsjKJdyFo9OVkUcOAcp1BOnp9FJ2cQIuY10Hh5ny+RqsNAFDOTf/ADXI/wDT/wCQen9FyNY9BY0eHFkkh23vGPhuDfZMrVIkEhvQENA8AZf8kdXrUhacx/yk/wDsRPkIVDWLnu7jR4gHfm6/zT/sr+h9WuHAnPB2kOJ6QSbHzj4qKm3TPcbfxR0nbxsuOGjVwB1JEk/BPpgDcyTrGviVLfoej2WGEo7gW5zf+n5dHkDQeeiq8OS03/urWk4ltoCjkvZcA7m8h+dUNXDt/irAU9fM8k11Pl/dMmypy/gsoYvqrd4On91A9xiAT1jbwunQ1IBqgAWmfhPkrDhlGm3vPMOB/hDjMxEEjbrsEuDBF5dy96PwyiWOfMtc6BpL3GCDqeaVBqDm4sim8FsnNaGZYGnM9635CrWY585ZcL2JGjT059Lqeqau7zHKbeM/1QlU1J989O8fCFVmbQ2s/wDiBcP4g2B8BcqM4QO1p5jI/bYWnwhT4ei9sGpYb5rztEE9VA+o8R0kCAL+IA5fVD3GnSJsNgyRcNpcj7ojSdANxpyQdaGOOYBxk6FzoG5MH5Fc+kSMziTqRLRe995SjD5oAa4n+T8sk2CH8Mw2fOSAY6xuSYE/5UbVwI8/P8lT8E4dDXZ4ERAL2yIzazpN1Zfp2zq3nNyJ5C0LmyPc6IcGZdgBF/Hrrt6FdSwAPmdOZ6dVqsThmwCJJiC0iJ6k3t9kLRwudzhYchoYHLwSTAzdbh2V0Ef2+v8AQp4wIMWIM67bi3PZaLEYIkExcb3HgR4x8ELUwz+6TJkanncj4iPNWidin/TAiw/p0jknnDjYweo05q9pYYXIAI1k7Tz6X+SgqUBPugFpvcXEa9FVMVoqBTgzFxpJm97nmuNEG83gHWdQSNFa/ozME6iZtofD6Jz8GI/bJI2E66ApiKv9O3kfh91ytsj+TPj9lyNwKr/4D4H5qTg/unw/0lIuW8iIAZ1HiUylr5rlyyfk0fgKZ7yNbp6fRcuQiHyOO3gUTT08x8wuXJiAKuv51UO35zXLkwJaOiIwvuDwSrkmCJ6vuM/NwgqXv/8ASfkuXI8CZ2K/5Pk75hA4L3T4hcuR4AuuB6H+ZvyKA4h/zmfzfZcuVojyT+zejv5h/qVvhP2eP3XLlxZPsdcPqH1v9Z/9Sgh7zP5h8guXIiJnO99vh9kJif2/n7gkXLUlDOH6n/6x/qSt953g35uSrlaICKfueT/mFA33T5/NcuS8lBq5cuTEf//Z',1,200,199);
INSERT INTO `productos` VALUES (9,_binary 'Computadora00',_binary 'SKUC00123000',_binary '2002.87',_binary 'Los detalles de la computadora son unicos y chingones',_binary '/9j/4AAQSkZJRgABAgAAAQABAAD/2wBDAAgGBgcGBQgHBwcJCQgKDBQNDAsLDBkSEw8UHRofHh0aHBwgJC4nICIsIxwcKDcpLDAxNDQ0Hyc5PTgyPC4zNDL/2wBDAQkJCQwLDBgNDRgyIRwhMjIyMjIyMjIyMjIyMjIyMjIyMjIyMjIyMjIyMjIyMjIyMjIyMjIyMjIyMjIyMjIyMjL/wAARCAD6APoDASIAAhEBAxEB/8QAHwAAAQUBAQEBAQEAAAAAAAAAAAECAwQFBgcICQoL/8QAtRAAAgEDAwIEAwUFBAQAAAF9AQIDAAQRBRIhMUEGE1FhByJxFDKBkaEII0KxwRVS0fAkM2JyggkKFhcYGRolJicoKSo0NTY3ODk6Q0RFRkdISUpTVFVWV1hZWmNkZWZnaGlqc3R1dnd4eXqDhIWGh4iJipKTlJWWl5iZmqKjpKWmp6ipqrKztLW2t7i5usLDxMXGx8jJytLT1NXW19jZ2uHi4+Tl5ufo6erx8vP09fb3+Pn6/8QAHwEAAwEBAQEBAQEBAQAAAAAAAAECAwQFBgcICQoL/8QAtREAAgECBAQDBAcFBAQAAQJ3AAECAxEEBSExBhJBUQdhcRMiMoEIFEKRobHBCSMzUvAVYnLRChYkNOEl8RcYGRomJygpKjU2Nzg5OkNERUZHSElKU1RVVldYWVpjZGVmZ2hpanN0dXZ3eHl6goOEhYaHiImKkpOUlZaXmJmaoqOkpaanqKmqsrO0tba3uLm6wsPExcbHyMnK0tPU1dbX2Nna4uPk5ebn6Onq8vP09fb3+Pn6/9oADAMBAAIRAxEAPwD3eiiigAooooAKKKKACiiigAooooAKKKKACiiigAooooAKKKKACiiigAooooAKKKKACiiigAooooAKKKKACiiigAooooAKKKKACiiigAooooAKKKKACiiuc1Xx74X0TUpdP1LVVgu4sb4zDI2MgMOQpHQigDcub20sgrXd1BbhuhlkCZ/OvnfxH8RfG6eK9TttMSeW0S8mS2MNuXDxhztIIHIwAc1tfFXUV+INvp0Xg64a/NkZDd7SYdm/Zs+/t3Z2P0zjHvXU+BrVrU6FBcIBcQ2qpIOCVYRYIz9a3p0XOLk9kdNLDucJTeiSNP4c+JLrUPDIk8Qyra6j5pHlXOInK7V5CnBxnPPsa7mvAPjPdSW/xS03bM6IdJjyFYgH97LXv561gcwUUUUAFFFFABRRRwOScD1oAjmnhto/MnmjiTIXdIwUZPQZNUtR1ewsreYSX9rHMIiyo8ygnjjgmuR8Zavp3ifSptA0ac3mrmUPFbqGiJMbZbDuAoxj1+leNa/4P8dXXiC2lvbC4GFiDCS+jkIAPT79dHsPcu9+3l3FC85WirofP8SfiAJ3EcN1szx/ox/+JqXQ/H/j2bxFpx1FroWouFMuLQgbe/avWrvS7mwQPPFsVm2qdwOfyqp+FdUMHB2kpXPXjl1OpG8Zmt4E8VXmvHUDqsoR4ZFWESRiLKnOcDjPau3BBGQcivnzxzriaRfWSm6ktmkjfa6Fgeo4+WvddFkM2h6fKWL77WJtx6nKDms8bTpxlzQe/TseXUpujVdLe3UvUUUVwkhRRRQAUUUUAFFFFABRRRQAUUUUAFGarXmoWmnRCW8uI4Iz/FIcCvHbq38T3/xatb+ysLqbQmcsLlY8xMvz4Ib06U0ruw0rux3PxL8Y3PgfwxDqlpBDNJJdLBtlUkYKO3Yj+7614/eaDY/EHQtT8d6m9xDqUtjPcGK1ZVhDQKUQYYM2CIxn5u5xivcfD630d5I11DIgMZAZlwOo4rZvVZ7K62AtI0LhQOpOOBWqUYTcXqbKMac3GWp8y/BvhNebsPIP/oyvoHRNEtIks9SSWdpGjD7Sw2/Mv096g0SV7A3J1P8AcBwvl+bxkDOf5iqtrA8HiNdQZCtmXdhMR8pVgdpz75FbtS5PZp7fidTUvZOlF7X+ZzfxN8E6b4j8T2t/eXF5HLHZrCBA6gbQ7nup5yxpfhX8UNT8davc2OoWlnCIbdpg1ujLkhkGOWP96t/xNcQXOoRyQyrIghCkqc85NeTfs5/8jbqP/Xg//oyKs61NQhBpasxxFNRp03azadz6PooormOQKKKKACuc8S6rf6dcQR28dpJbSxP5qzKxYnjGMEDHXNdC8ixIXdgqjkk9q84+JOnvr8VvFp1hNfSDJeSBdwj9jzxn+ldGGhGdRKexUZKHvyjdE8fg6y0G5h8UWc9018oYiKV1MP737wwFBwO3P51s29kdctm1C8do51YgLAcLgcjrk/rW5pET2+jWMLoUeO3jRlPUEKBisDXLC5k1cTQ27tGACWA4681pGo5uzevfy7HRhnFrlj7r3v8AoFq8niSX7NfERrCvmKbf5ST05znisa/tksr6W3R3ZIzgFzknjvW/rzpqNrBFY5uXV9zLFyQMdTXD+Ig1roV/52YWjhYnfxt47114XV3vZdj0cM3G81orfCecfF7jU9HPbY5/8eWvpPw6c+GdJ/68of8A0AV85adpUmv2sx0mzk1FUwsjW43bGIOM/rX0jo8TQ6PYxOhRo7aJCp6ghQCK5sdSjGfOpJ3PFqYj29SUrWL1FFFcIgooooAKKKKACiiigAooooAKrajdiw0u8vSu77NA8xX12qTj9KsMyoMswUepOK878U67rT+In0ezieXSpwkMxjt9wZHGH+cDjgn6VpTpuo7ImUuVXZzdnrEfx0tLzSy8mkJYqkhkiG8vubpzjGNv616voGkDQfD9hpCTtOtnAsIlYYL47kVk+E/AXh/wZLdS6LbSxPdIqyb5mfIBJHX611OMVmUJjijFLQaBGVrOjrqyxhpzH5YYAAZznH+FY8V5JcvH4eaJVjQeT5wbnCDg499v61peIbu+tVt/sQYlg+7CbvTH9ay547PTdM/tozpFehVeR5ZQFV2wGyCcD7xGK66d+Rc3y8j0KLfJG/y8n5mdrGnrpl0kCyGTMYckjHcj+lecafDa/BhG123ml1NrpvsbQyoIwob592QTz+7xj3rvptUGruLlbiGcAbd0ThgO+OO/NcF8VrS4vPC1tFawSzyfbUbZGhY42PzgfWuutT5qN5atHdiKPPh+aeskj2vwlr6+KPC9lrSxeULnf8mc42uy/wDstbVcF8KLu3tPh1o2n3NxFDer5oa3lcLICZnIBU88gjH1Fd7XknhBRRRQByfxD1g6L4dinFuJjLcrEAWK4yrHPH0qj8NdXk1ez1FpYFhMUiD5XLZyDUXxjm+zeAZZxGHdJQ0ZJxsbY+G9/pXNfs/alc6ppmvy3TKWWaEDaoA+63p9K6VWgsO6dtWx+0qL3U/d7HsYFJIm9GXpuGM08U1yFUliABySe1c3mTscvNAfC4W4g/0kynyyr/Lgdc8ZryzUPEl14u8a3XhO601LWO7YQSXEcjPsDAcgYGetdh8Ttb1JtI02XwhcW99dpdkyLBtnAXYeoGeM461q+E/CNnJFaeIdStWXXJf3kz8oNwOB8vQcAV0OveN/tPd+R1yxF43+0935FjwH8P7PwFb3sNpdyXH2p1Zi67cbQR6n1rr6KK5zlCiiigAooooAKKKKACiiigAorJ8TatLofhy91OFEeS3QMA4JXqBzgj1rwY/tF+Ie2m6X/wB+pP8A45QB0/i343aVAZtPgspZZopMMQ5HT6rXc/DbXB4k8HwamkDQLJJIoUtk/KxFeTT/AAu0PU5DfS3eoiW4AkYJIgUEjPGUr174eaLbeH/CMGm2jzPDHI7BpiC2SxJ6AD9K6alKrCnaWx11aNalS974TqhS0gpa5jkCkPSg0lJiZS1DUksHt0ZNxmJA/T/GvDdY18+O/Eur+ALeBrW5ur2aJbhm3KPJcyEleOojI6966/4y+Ob/AME/2C2n2Wn3BuvPLm7jZtuzy8bdrLj7x9egrgvhtax33xV0vxDIWW7vnuLqVF/1YaSGRmCjqBljjJNdlGDlSk4dFqa+3jTgox3ejGXU/wDwpmVPD16p1KS6UXwliPlhQ2U24Oef3ZOfevReVYHJVh6GtLxp8LNC8dazFqeqXeoxTw2626rayIqlQzNzuRjnLnv6VmlQpxnPvXVgakpJxlsj1strSnFxeyseXzXlwvx8tIhK2xr+zB5PPEVfTlfLd22z9oDTy3RtRsgP/IVfUpHNedW/iP1PLxH8WXqxKKKKzMTzz41KW+HdwACT5vb/AHHrlP2blZdH8QBgR+/h6/7rV69rWjWuvac1jeFxCxydhAPQjuD615N4y1eb4MpEPDcFvcLqR3zC/UvtKcDbsKY6nrmgD2qqmq/8gi8x18h//QTTdHvJNR0WwvZlRZLi2jldUBCgsoJxntzXm3j/AOI2saD44tvDlraafJZXUKl3mjcyDdnOCGA7elAHM/s7lzPqW9MbY8A4x3Sve65/w14N0zwqJBp7TtvGCZWU+noB6V0FABRRRQAUUUUAFFFFABRRRQAUUUUAeE3fi3VNZ+MreD7+QTaJLePDJbEcOgDEA456gV0/iH4YeH2voWs/D4ZfKw3l7iM5+tO8SeCNN0DV7vx/DmbULaQ3AgYkK5Y7SM54+96Vq/DTx7cePtKvL6ewjs/s8/lBEkL7vlBzkgetXTnyS5rXNKVT2cua1xfDkKrqqxkYCJgD0xiu0jiWNcIMDOa5HQf+Q6+euG/nXYiujGP3/kjqzCTdVeiADFLRRXIcIhrkdR1K8g8SwQJMRE1xEpXjocZrrjWBqejKbqXVN25oMTqnQEoMgZ/Ct8PKKbUuqOnCyhFyUuq0PJf2lvu+Fv8At7/9o1haBZ+IdK0rTdYttPvrVEt0eO88obQrIADk9iGwPrXpPifwfD8WY7IXl62mvpm/AiQSb/M29ckYx5f61wl/8S7m2jn+Ha6dF5GnN/Zy3xlO51tztDFcYBby+meM10YKpKjW9m1e7SZxYmk1dS0aPT/hdqt9rGg6jcX87TzLqMiB2A6bIz2+prNYcmsr4a61Ppei30KwrIj3zyZJwRlEGOntSeIdWk0izjuI4VlLyiPaTjqCc/pXfTouNaemj2PXytOjQdSporJlDxHo1hBaX2vx2yjVbSFrmC5ydySRrlGHbIKjt2rR+BHijWfEkGu/2vqEl20BgMe8Abd3mZ6Addo/Ko4M+JPDbx3J+zreRSQuU+bYDlcjpnjmues9UtPghNtszJqsWs481pl8oxeT0wBnOfNPp0rjx9J35rBjoKolWgtO59CUVR0bUBq+hadqarsW8to7gL/dDqGx+tXq808wK8G/aM+5pP0b+Yr3muR8a/D/AE7xwsK38rxmEEIVyev4igDZ8M/8ipo//XjD/wCixXhHxeulg+Mmml87Vt4enuWFdToHxWul8TDwgmkQrFZI8CT+cSWEQwCRjvtrmfHtgniPxxa6pcSPbzrHCgijXcpwx5zx61tSw9Sqm4q43Bxh7R7bH0SOlFIOgzxS1iIKKKKACiiigAooooAKKKKACiiigCvfWUGo2clpcpvhkGGX1ryrxcmufD9orbwJpxFvc/vJwIfN+fkdwccAV67RQB4D4U8a+N/+EhK69bi1tTG37x7IRLv4wN2B717Tompi/wBIF3LNEwBbdIGG0AdTnpxVfxboB8S6KLAXCQnzVk3Om4cZ7fjXK211pfh3wzqPhCW+VtVMMqRxrEw3tKG2DOMDOR1P1xXXZVKGmsr/ADsVKv7vJJfP9Dsv+En0AEg65pv/AIFJ/jWlBPFcwJPBIkkUg3I6MCGHqCOtfGet/DzxV4da1XVtL+zm7Zlh/wBIifcVGT91jjj1r6U+HXiHSF8KaFobXmNShtUieHy34YDkbsbf1rBUako88Ytozc4p2bO7NRTwJcQSQSZ2SKVbBwcEYqUUtZLuUn1Rn6dpFppQk+yq6mTG7c5bpnHX615RrHw50eXxFqOqS2lysst1LM8gdgCzsST+Zr2esvX/APkCz/8AAf8A0IV1Yapaor6t2OrDTTq2mua/c8xsodJ8OI1qLqK3EjecVnnG454z8xzj5f0rlPCupa/41v7mw8V2rpZQWzXMJFt9n/fBlUfMAM8M3H+Fc38Z+PF1h/2DY/8A0ZJXuFpbT6jMYYyWIG7BP4f1ru53Oo23blPQfLUm4v3Yw+5/1Yy7Gzh0+0S2gDCNM43Nk8knr+NedfF6xvL0aN9ktJ59nn7vKjLbc+XjOBx0Nev32i3djaS3LoDHEjSOQRwAMnvWZFKWjDoxCuAa1qOOIg4pnTJU69J06b08jpPA+q6f/wAIj4d04X1r9tTTLeN7fzl8xXWJdylc5BGDkdsGupr5f+Hoz+0OhJ5+3X34/u5q+oK8SSs2j56Ss2go70UUiT5i02wvNP8Ai3fahfWk9rZebP8A6RPGUj53Y+YjHNdrfadpmqh9RSTznjU7Xhm+XK8jocV2nxW0HUvE3gC70vSbf7ReSSxMse9UyAwJ5YgdPevJtJmh+H+kr4c8Qv8AZtVn3SeQFL7Q64X5kyvJBHWu7CYjkTgzuwtaHK6VRKx2/wAIPH2t+M5b5dXkjcQqShSNV/u+g9zXq1fPnwtmHw3nvZvFuNOtbgGOGT/W7n+U4xHuI4B6171YX9rqljFe2cvm28oyj7SMjOOh5ricXF2Zxyi4uzRZooopEhRRRQAUUUUAFFFFABRRRQAUUUUAFchqvgHTLzxBdeInurtLx1jYrvXygYx8vG3OPXn8q6+iqjJxd0JpPc+f/jB4lvI10Scx2crWssoXCNsclQpOM5x3FbenaJBpHgKx8f289z/aUdsl2LdmH2cs3ylSoG7bz03fjXsoLA53GvNPHHhvVfE1pq1pbRSebJ8kUk64TG4HggE469q6YV27pPlj27/8OaSpU60nJe7ZFzwL431XxPrM1newWccUdu0oMCMG3BlGOWPHzGvQK+e/hD4c1TwL42vrzxJavp9k9g9vHdTArG8hkjYKCe+FY/ga9guPH/hG0naC48SabHKuNyNMARkZH6GsarUpc8Y2RjFWVm7nRk15z498ZXujeGNZuLeG1lktXRYxKrFT+9VTuww7Ht3qfW/GXhrUJbWaz1yxuEt2Ly+XKDtHBGfyNfPPjLw3rkmraz4l/sm7XR7m8kuYrwx/u2jkkJRgfQ7lx9atR9nBTa328jqg404827f4FzUL2T4guuralHFbz26C1VbQFUKglgSGLHOXPf0r6g0jw5BosxkiurqdthT9+4bjIOeAOeK88/Z1Zh8Pr8A/8xWT/wBFRV6Zq+t6Zodqt1q1/BZQO4jWWd9qliCQufXAJ/ClUr80VFKz6+Zip1E5Ny3Jr6CG+srizkdlSaNo2K8EBhg49+a4rWNKg0eSzitp5pFkVgfNYHG0DHQD1rxz4keGta8X+PtT13w7pdzqmk3XleReWqF45NsSI2COuGVh9Qa5X/hWnjX/AKFjU/8AvwamjVlSldGtCvKjJNbHouqaRB4EvLrx3pjyTapbytKsN0Q0JMrbGyFCtjEhx83UDrXp3wr8aah468K3GqanBawzx3z24W1VlXaERskMzHOWPf0rzjX9OnuPhUml2mnXCX0VpawzW7J85lRk38ZPofyrT+EGs6f4J8I3Vh4kvoNLvJL951trttjtGY41DgemVYfga1xUVzKUVZNG2MguZTirJq57bRR3I9KK5TjCvCfi/wCG4L3xxaalI8qkwxINpGDtJ9vevdqragjvp10sQy7QuoX1JBrWjUjTlzSjcmSb2Z5F4l8M2Xiq0htryWeNIpPMBhYAk4xzkH1rV8IeJ5tK1Gy8JxxRyWkLCFJWBMhyc5JyB3PavNfh/wCHNW8J6rc3OvWE2nwTwBI5bhSql9wO3J74FNtdOvE+Mtvrpt5BpCX0crXm390EAGWz6cGu+UoTp+0cLt6HfipxxFNThpK+vXQ+naKp2Gp2epo72V3BcohAYxNnGelXK8xpp2ZxJ3CiiikAUUUUAFFFFABRRRQAUUUUAFFFFABRRRQB5n8c9TbSvA1nOkYcnUkTBOP+WUp/pXDeGvhDa/EPw9a+KrnWZrOa+37oEgDhPLcxjkkZyEz+Ne46/wCHdM8TaeljqsHnW6yCULuxhgCM/kxryPVL3xx4O8VN4e8KWjL4at5IxADbCTCuFeT5yM/eZ/pWvtJyiqd9CbJPmNLS/gJY6bDdRDX7hxcKFybdRjg/7XvWd4x1qN/AN74EhQs9okNklw3G/wAiRBuI7ZEf610Gj+NNet72dPEU0NrHuj8nzkWEMOd2CcZ/h+ma840PUD4q+ONzo128c2l3N/ecRYG5VErqQw/3Rz3rsShStDEPmS2sKdKfJGpDqeg/AK0ey8E6lBJ99dVk/H91FUH7RX/JPLD/ALCsf/oqWvR9C8Pad4btJbXTY3jillMzhnLEsQATk+yiofE/hPSfGGmxafrMTy20cwnVUkKHeAyg5HsxrgqOLm3DboON7K+54R8MvizcaTa6B4RTTIpI2u1gNwZSCBLMSTjHbf8ApXtkvivZO8fkAhWIzurktW+Enhfw7pV3reh6fcjVdOhe7s/3zyfvo1Lp8p+98wHHevJ38X/Ep3Z20y6yxyf+JWf/AImtKTpK/tFc6aEqKv7VXPYp3EtzPNt2+ZIz4+pzXiXxf/5Gy0/68E/9GSV9CWGkfafBWm388Mi6nPYwSzKQQRIyqX+XtyTx2rwj4r6Nql14qtWt9NvJVFigJjgZgDvf0FddatGpQtHod9evCrhrQ6WPqaOGO3TyogQi8AEk/qafWfba5pV3MIbfVbK4mPIWKdGY/gDWhXnHkhRRRQB5X8dtUOleGdLlEYfdelcE4/gNckmoNN8K5L3ZtZrN22g57mug/aFt7i78K6VHbW8szJel2EaFsDYRk4qG10KBP2d5bieGRLpNNlchiVIIZuortoYudKHL06epth5wpyk5dVYs/AXV31bS9aZ4wnlzRKMHOflavXq8Q/Zu/wCQP4g/67w/+gtXt9ctSpKpJzluzCMVFWQUUUVAwooooAKKKKACiiigArE13xfoPhl4k1jUBatKMoDE75HP90H0NTeJdWfQ/D15qUaK7wIGCsMg8geo9a+btc8Rt8UNl3qkQt3tT5SLajaCvJydxbnJrWlSlVlyR3JlJRV2e5/8LZ8Df9B1f/Aab/4iren/ABF8J6rdJbWOrrLM5wq+RIuT+KivnrRPAGj6lfeRNPfKNhYFHQcj6rXT23w+0jw27axaXOoNPZoZ0V5EKsVGQDhQccetb1MDWp6NHRQoTrQ54bH0NRXzoP2i9XAAbS7DPfEb4/8ARldL4G+NGoeK/FVppE9haxJOxBZEYEcE93PpXGYns1Lk0mKp6xeNpmh6hfqoZrW2knAPQlVLc/lQBwXxe8Daj42tNMTTkDva+aSCyj72zHUj+6a8c+FGnz6T8cdN065ULPay3UMi5BwywygjI46iulm/aI1aOV0TTLHIYgExv/8AHKa1tF4ftZfijaGR9bYLei3mINtvuTtcbRhsAStj5sjAyT3uMHJNroaRpSmm10PonvSGuH+FfjXUPHPhi51PUre0gmivWt1FqjKpUIjc7mJzlj39K6PX9Sn0yzilt1jZmlCHeCRjBPYj0qYxcpcq3IhBzaiiWbWrG2uWgmn2SJjI2Meoz2FWLTULe9LfZ5i+3GeCOv1+lcQJG1XVUa4UKZpEVvL4wOBxnPauw03SLfTGlMDyt5mM+YQcYz0wB611VqEKUVf4jtxGHpUYK9+Z/caBPfNcX4kuJ4vEUYjmkVTaKSFcgZ3tXaHpXEeJ/wDkYo/+vRf/AENqjCfxURgf46ueJ/AVrNfiJL9rIybFhBlc/vPMjx244zzX1HXy78BrMXfxDmYsB5Fi83PfEkY/rX1CGDdDmuc5XuLTZHWKNpHOFUFifQCnVV1I7dLuyOohc/8AjpoEcB4t1qTxZpMdv4OV9Vus7pkR/s+2P+9mTaDzgY61Lq9tf2nwM1ODU4XhvV02USxNIJCpyf4gSDxjvXC/AHW7nUNf1G2mjhCR2YIZQcn5x15rZ1vx1qut/EjUfh5Pb2S6RPILV50RhcbGC5IYsVz83938K6KtSNlTg/cWvmZRi/iluJ+z1p91YaRrouYvLLzQlfmByNrehr2asbw94ZsfDNvLBYyTuspUsZmBPAwOgFbNZVOTmfJsXG9ve3CiiioKCiiigAooooAKKKKAMHxlYXGp+E7+ztU3zyIAi+p3CvFvBmjL4O0m5tvFNzaaZNLcB4kunKF1243DI6ZBFfQ9cV45+HFj45mt5Ly6kgMC7V2JnPX3HrWlKpKnLmiaU6ns5cyVzg9U1DTLm1VNB1S0vb3eD5VpJvfb3OPTpW54asb+4021N1pt3JvlIkJTtu789K5vWvh1b/C3TpfEunX0l5Kn7owyR7RggknOT/dqj4V+OuoLeWekvosMi3FwkXmecQVDNjOAvOM/pXc8wk6XK9zoVdJuqvi2t0se4nw1o5AH2GPA4HJ/xrC8aeHxB4M1N9B09m1RYwbcQgs5bcOg+ma7JT70vXvXmnGfKp0n4lDr4c1L/vwak0pPHFvrttb3ul3kFvNIsF2HiwDC5AcH0BU19TnNc7q+hpM11fmYhhGX24/ur/8AWrWgoOfvuxvhowlP947HnX/CIaI7bBp8Z3HGMn/GnXd74Wis30a71zS4o4QIJLZ5yCmwgbTx1BH6VU8aeJ7jwidDkt7eO4/tCSVfmfG0oUHof7/6VaT4I6X4jQa5dajNHcakPtkqLHkI0nzkA7hnBNd9fEqm+WB6WJxipS5aa9dC74cn03TrGaPw5eW0lo8xeRrZ96mTAzknvgL+laU93PcoFmkLAHPPrXm/iiU/B28j0PT1+3QXMYvDJJ8hVmJTbjntGPzq34E8a3Xi3V7qynt0hWC0a4BVskkMq46f7VXRxFKVk9/Q0w+Koy5U/i9DnNQmkX4+6bEHOw6rYcf9+q+oIbq3uJZFhlR2jOGCnOP84r5Y1Y4+Plgc4/4mdjz/AN+q9yg1efSru7aCBJjI/IZtvQn2965HRdWU2t0zilQlWnUa3T0+87mWVIo2eRgqDqx6CvOvFev6HD4jT7RrVhbn7IuBNLgn52q9P4nvbyB7eaxhRH6sspJHf0rwL4vD/irbTH/Pgn/oySiNKdCPtHuEaM8NH2slqjEs/DXiuxvIr2y0u9jmiYNHIsWcEd69t+GnjW+0611L/hYGsC0uJJI/sovtsZZQCG28DI6Vx3hj4kXGtavDp89lHGJP4w/OcgcDHvXTeJ/A9j4ve2kutRms2tlZVEcQfcCc85Ix0o+rRnDmpu7B4SE6fPSd2ejD4k+CyM/8JLpv/f8AFeU/ELxHr+veKY4fDN9LfeHJUiWb7KoeIsGywJxnI4qiPgto/QeILs/9uq//ABVZWo66/wAM7oeH7FPt0GPtHnS/I2W4xgZ/u+tZqg4u9XRGUcM4O9bRHuyXvgrwo4uftmn6fvQQK7TEZUHO3k/jXHWWg/2j8VZPElnYSTWUs6yR3qAlJANoyD07H8q5Xwvap8Y45bPUR9hjs2MqtF85Y4Ax2/vV7xoulx6Jo1tpsLl47dSqsRjPJP8AWlzxpyfJqmranNWhDm9x3RfooorAkKKKKACiiigAooooAKKKKACiiigClquk2WtWLWV/CJYGOSufw/rXKXPw08M2VrLd2emBbu3UzQEMTh1GV478gcV3FFAHzvc/Ej4pxXU0cemTMiuyq39n9QDwfu1o+D/H3xEvPFunW/iGJoNJkkIuZJLERKq7TjL4GOcV7vk+tZniLT21fw/eWAUOZkC7TjnkHv8ASgBf+Ek0D/oO6Z/4Fx/41na94k09fDerNpeq2FxfrZTG2ijmSRnl2HYAoJ3EnHHevB/+FE+If+fQ/wDf+P8A+KrovBXwg1bQ/E1lqF3a4jgmSTJkjONrA54Y+lAG54D0a78bWTXnjWxdri0YG1RoPJCZJ3cYGc7Ur1mCGO2t44Il2xxoEUegAwKkye9FNtt3Y223dmDrng7Q/EdylxqlmJ5UQRqxOMKCTj9TXG+LPDUPgnRZ9U8H6eU1NlMLbYfO3RkFiNuP7yrzXqFZ+s67pnh2xN/qtz9ntlODJ5bP2J6KCexpXtqJO2qPn6OCC/tB4p1JFi8YRgzpAx2OZo+IR5PHUInGOc+9dH4G1rxFr1nrEvia1eCWBofsu+08jduL7+MDd0X6fjWdf+Fta8WfGSx8baJZfavDst/ZzpeeaiZSLy1kOxyH4KMPu844zxXrHi2y1S9uLBrG2adI/N8wCVUAzt29SM9DXVSrfvI30/U7aNde0jfRdfM888R65PZaPdHQ54Z9XQqIoECyuTvAYbOScLu7cY9qf4P8FQ/EXRpNY8dadONUhuDaxbQ1t+5VVYfKMZ+Z35/wrj/huyR/H24iuYwl0L28VVPzFWCy7hkcetfS+T3qcRXdSXkRisQ60/I8L+IHw20/wbpOn6x4O066OqxX6Dhnn+TY5OVOeMha5T/hMfih/wBA2T/wVj/4mvp+jJ9axjOUdmc8ZyjomfMB8ZfFE/8AMNk/8FY/+Jr1Hwp4TtvGGiQ6t4t00NqjARnMXk4UAEfKB6k816fk+tJQ5ye7CU5S0bMXQvCejeG2kbS7QQGThsHOen+AraooqSQooooAKKKKACiiigAooooAKKKKACiiigAooooAKKKKACiiigAoqjqetaXoyxtqd9BaLJnYZX27sYzj8x+dfPHinxL8RbrxJfSaVcahJpguZWsmihUoYix2FTjkFcYpqLew1GUvhVz0n4i/E+bwV4gt9NiitnEtqtxmVGJ5Z17MOPlrC0PxPF8Zby58M6pi2tI7ZrsvYjZIWDKmMvuGMSHt1ArC0HRrnxTp5vPG1nJc6lFIYYXuV2sIAAVAAxxuZ/zru/BGh6B4a1ma8tbSGzd7dojJuPILKccn/ZH5V0/VJ8nOdf1Kp7P2n4dTt/DugWnhjQbXRrKWea3tt2x52Bc7mLHJAA6se1cP8W/iJq/gF9G/su3sJRfecJDdxu23Z5eMbWX++fXtXoL6jaR6fJfvcxC0jRpHmLfKqrncSfQYP5V458VbOL4ltow8L3MeqrY+f9pNmd/lb/L27sDjOxsfQ1y2OO3c6TwZ8OdHOqaZ8QRdXp1e/iN/LEHT7OJLiMlwq7dwUeY2AWJ6ZJr0qsrwvZyad4R0WxmUrLbWEELqeoZY1BH6Vq0AFFFFABRRRQAUUUUAFFFFABRRRQAUUUUAFFFFABRRRQAUUUUAFFFFABRRRQAVT1a9Om6Lf36oHNrbyTBCcbtqk4/SrlZPin/kT9b/AOwfP/6LagDxG41RfjU0kWou2kf2KxEf2f8Ae+f5p75xjHlD1+8a7Cws10/TbSyRzIttCkIcjBYKAM4/CvNfhPPDDeeIPOljj3SQ43uFzzJ611F1r+tJeTJbRloFdhGy2+4Fc8HOOeO9e1gKCdPmW7PSoYilhaUZtNt32OpJ5oJ9qxNL1t3tXbWJ4bacSEKs2IiUwMHBxkZzz7VV8Sa/qcGmRSeFZILy+M4V0iVZyI9rZJXnAzt59/etqtSNNO/Q9L61B0vaD7vx9Lc63L8PZLKFbe922LXPm/MqzgAkLjkjzDxnnFd/4C+Htn4BjvktLyS4+1+Xu3ptxs3Y7n+8azPBfhG01PT9P8T6/p4XxE7+ZK23YAyOQh29B8qrXodeDOXNJy7nz1WfPNy7sKKKKkgKKKKACiiigAooooAKKKKACiiigAooooAKKKKACiiigAooooAKKKKACiiigAqjrdpJf6BqVlEMyXFrLEn1ZSB/Or1FAHyvf+ErvwFNcSa+FgjvSTbPw+/b977pOPvr1x1rttI8d+CoNGsY5/EoimS3jV4/sc52sFGRkJg4PpXpnjDwNpPjaG1i1V7lFtt5TyGUfe25zuU/3RXJ/wDCgvB//Pxqn/fyL/43XVHGVYwUFsjSjVlRbcepyHibwbcfE3ULbWfDlyL3T4bVbZpseViQMzFdrlT0dTnGOa6b4T/DjVfBmvXV7foAktq0Knep5LIexP8AdNegeF/C1h4R0o6bpzztAZDJ++ZSc4A7AdlFbdc8pOTbZM5ub5mFFFFSSFFFFABRRRQAUUUUAFFFFABRRRQAUUUUAFFFFABRRRQAUUUUAFFFFABRRRQAUUUUAFFFFABRRRQAUUUUAFFFFABRRRQAUUUUAFFFFABRRRQAUUUUAFFFFABRRRQB/9k=',1,29991,100);
/*!40000 ALTER TABLE `productos` ENABLE KEYS */;
UNLOCK TABLES;

--
-- Table structure for table `proveedores`
--

DROP TABLE IF EXISTS `proveedores`;
/*!40101 SET @saved_cs_client     = @@character_set_client */;
/*!50503 SET character_set_client = utf8mb4 */;
CREATE TABLE `proveedores` (
  `id` int NOT NULL AUTO_INCREMENT,
  `nombre` blob NOT NULL,
  `telefono` decimal(10,0) NOT NULL,
  PRIMARY KEY (`id`)
) ENGINE=InnoDB AUTO_INCREMENT=4 DEFAULT CHARSET=utf8mb4 COLLATE=utf8mb4_0900_ai_ci;
/*!40101 SET character_set_client = @saved_cs_client */;

--
-- Dumping data for table `proveedores`
--

LOCK TABLES `proveedores` WRITE;
/*!40000 ALTER TABLE `proveedores` DISABLE KEYS */;
INSERT INTO `proveedores` VALUES (1,_binary 'Humberto',1234567890);
INSERT INTO `proveedores` VALUES (2,_binary 'Dude',8181818181);
INSERT INTO `proveedores` VALUES (3,_binary 'Rodrigo',8181818181);
/*!40000 ALTER TABLE `proveedores` ENABLE KEYS */;
UNLOCK TABLES;

--
-- Table structure for table `proveedorproducto`
--

DROP TABLE IF EXISTS `proveedorproducto`;
/*!40101 SET @saved_cs_client     = @@character_set_client */;
/*!50503 SET character_set_client = utf8mb4 */;
CREATE TABLE `proveedorproducto` (
  `id` int NOT NULL AUTO_INCREMENT,
  `idProv` int NOT NULL,
  `idProd` int NOT NULL,
  `precio1` double NOT NULL,
  `precio2` double DEFAULT NULL,
  `precio3` double DEFAULT NULL,
  PRIMARY KEY (`id`),
  KEY `idProv` (`idProv`),
  KEY `idProd` (`idProd`),
  CONSTRAINT `proveedorproducto_ibfk_1` FOREIGN KEY (`idProv`) REFERENCES `proveedores` (`id`),
  CONSTRAINT `proveedorproducto_ibfk_2` FOREIGN KEY (`idProd`) REFERENCES `productos` (`id`)
) ENGINE=InnoDB AUTO_INCREMENT=11 DEFAULT CHARSET=utf8mb4 COLLATE=utf8mb4_0900_ai_ci;
/*!40101 SET character_set_client = @saved_cs_client */;

--
-- Dumping data for table `proveedorproducto`
--

LOCK TABLES `proveedorproducto` WRITE;
/*!40000 ALTER TABLE `proveedorproducto` DISABLE KEYS */;
INSERT INTO `proveedorproducto` VALUES (1,1,1,10.2,10.3,10.4);
INSERT INTO `proveedorproducto` VALUES (4,2,1,10.2,10.3,10.4);
INSERT INTO `proveedorproducto` VALUES (9,3,9,31,0,0);
INSERT INTO `proveedorproducto` VALUES (10,3,2,0,31,0);
/*!40000 ALTER TABLE `proveedorproducto` ENABLE KEYS */;
UNLOCK TABLES;

--
-- Dumping routines for database 'qa'
--
/*!40103 SET TIME_ZONE=@OLD_TIME_ZONE */;

/*!40101 SET SQL_MODE=@OLD_SQL_MODE */;
/*!40014 SET FOREIGN_KEY_CHECKS=@OLD_FOREIGN_KEY_CHECKS */;
/*!40014 SET UNIQUE_CHECKS=@OLD_UNIQUE_CHECKS */;
/*!40101 SET CHARACTER_SET_CLIENT=@OLD_CHARACTER_SET_CLIENT */;
/*!40101 SET CHARACTER_SET_RESULTS=@OLD_CHARACTER_SET_RESULTS */;
/*!40101 SET COLLATION_CONNECTION=@OLD_COLLATION_CONNECTION */;
/*!40111 SET SQL_NOTES=@OLD_SQL_NOTES */;

-- Dump completed on 2020-10-29 13:26:35
